ts,eq_model,eq_inverted,eq_buy_hold,eq_random,gross_model,net_model,turn,exposure
1782864000000,1.0,1.0,1.01412795,1.00678223,0.0,0.0,0.0,0.0
1782878400000,0.99336609,1.00561135,1.00595997,1.00245817,-0.00612263,-0.00663391,0.75,0.75
1782892800000,0.99574918,1.00166944,1.0022819,1.00179649,0.00315946,0.00239901,1.25,1.0
1782907200000,0.98464437,1.01284027,1.03088122,1.02356803,-0.01115222,-0.01115222,0.0,1.0
1782921600000,0.98177325,1.01406414,1.02864843,1.02417689,-0.00206213,-0.0029159,1.5,1.0
1782936000000,0.97953606,1.01478396,1.02666816,1.02809418,-0.00149428,-0.00227872,1.25,0.25
1782950400000,0.97479822,1.01832953,1.04338061,1.03978437,-0.00416537,-0.00483682,1.0,0.75
1782964800000,0.96494221,1.02743677,1.03105575,1.03171457,-0.00952706,-0.01011081,1.0,0.75
1782979200000,0.93474802,1.05747556,1.06210252,0.99955995,-0.03026391,-0.03129119,1.75,1.0
1782993600000,0.93907127,1.04993654,1.0680769,0.9943622,0.00587715,0.00462505,2.0,1.0
1783008000000,0.93697523,1.05159195,1.06558542,0.99703642,-0.00190436,-0.00223204,0.5,1.0
1783022400000,0.93504566,1.05179979,1.06616455,0.9963671,-0.0011285,-0.00205935,1.5,1.0
1783036800000,0.93572627,1.04944015,1.06701794,0.99634193,0.00148566,0.00072788,1.25,0.75
1783051200000,0.93556125,1.04854246,1.07464062,0.99307639,0.00033953,-0.00017635,0.75,0.5
1783065600000,0.94182369,1.04020139,1.08237134,0.99521473,0.00732434,0.00669377,1.0,1.0
1783080000000,0.9410511,1.04105468,1.08148346,0.99380368,-0.00082031,-0.00082031,0.0,1.0
1783094400000,0.93605207,1.04486782,1.09185302,0.99794976,-0.00448747,-0.00531218,1.5,1.0
1783108800000,0.93857815,1.0403464,1.09561845,0.99879974,0.00351296,0.00269866,1.5,1.0
1783123200000,0.93865527,1.03981861,1.09708271,0.99817267,0.00029474,8.217e-05,0.25,0.75
1783137600000,0.93768943,1.03997711,1.09776712,0.99689604,-0.00059069,-0.00102896,0.75,1.0
1783152000000,0.93738763,1.03885434,1.09442359,0.99657519,0.00037888,-0.00032186,1.25,0.75
1783166400000,0.94545679,1.02951714,1.11060126,0.98358981,0.00879805,0.00860813,0.25,1.0
1783180800000,0.94696003,1.02736386,1.11012171,0.98277277,0.00184076,0.00158996,0.5,1.0
1783195200000,0.94694918,1.02669467,1.10466208,0.98303496,0.00031995,-1.146e-05,0.5,1.0
1783209600000,0.95655749,1.0154998,1.09135595,0.98409234,0.0105252,0.0101466,0.75,0.75
1783224000000,0.95360272,1.01838114,1.09458895,0.98325095,-0.00296317,-0.00308896,0.25,1.0
1783238400000,0.95247112,1.01856387,1.08903151,0.983892,-0.00068305,-0.00118666,1.0,1.0
1783252800000,0.9463607,1.02401345,1.09540263,0.98165267,-0.0058828,-0.00641533,1.0,1.0
1783267200000,0.94813899,1.02157147,1.09515136,0.98167814,0.0021319,0.00187908,0.5,1.0
1783281600000,0.93916214,1.03124357,1.10675003,0.98360537,-0.00946787,-0.00946787,0.0,1.0
1783296000000,0.93439966,1.03482306,1.09916081,0.97861753,-0.00427101,-0.00507098,1.25,0.75
1783310400000,0.93542329,1.03156502,1.09666197,0.97757242,0.00212195,0.00109549,1.75,1.0
1783324800000,0.94316742,1.02302495,1.08758299,0.97940957,0.00827874,0.00827874,0.0,1.0
1783339200000,0.9298342,1.03748709,1.10295776,0.98323882,-0.01413664,-0.01413664,0.0,1.0
1783353600000,0.93103318,1.03440982,1.10723188,0.98010426,0.00212777,0.00128945,1.5,1.0
1783368000000,0.93259396,1.03228439,1.10828649,0.98003231,0.00186556,0.0016764,0.25,0.75
1783382400000,0.93115524,1.03282098,1.09301869,0.97577667,-0.00103126,-0.00154271,0.75,1.0
1783396800000,0.93261704,1.02950225,1.09336244,0.97571763,0.00239157,0.00156988,1.5,1.0
1783411200000,0.93108124,1.03093859,1.09521037,0.9741098,-0.00152097,-0.00164676,0.25,0.75
1783425600000,0.93361135,1.02693094,1.10402473,0.97875851,0.00330239,0.00271739,1.0,0.75
1783440000000,0.92980174,1.030329,1.09792252,0.97904392,-0.00369473,-0.00408051,0.5,0.75
1783454400000,0.93758361,1.01965579,1.08750978,0.97823237,0.00936421,0.00836938,1.75,1.0
1783468800000,0.94889878,1.00709361,1.07166524,0.98278511,0.01219423,0.01206844,0.25,0.75
1783483200000,0.94929085,1.00642192,1.07108445,0.98242453,0.00054007,0.00041318,0.25,1.0
1783497600000,0.95170356,1.00310186,1.06283781,0.98199919,0.00292024,0.00254159,0.75,0.75
1783512000000,0.96232481,0.99114731,1.05056992,0.984882,0.01153892,0.01116026,0.75,1.0
1783526400000,0.95157454,1.00221956,1.062306,0.98674894,-0.01117115,-0.01117115,0.0,1.0
1783540800000,0.94962223,1.00366085,1.06380708,0.9857395,-0.00174488,-0.00205166,0.5,1.0
1783555200000,0.94939935,1.00232584,1.05804765,0.98570402,0.00054772,-0.0002347,1.25,0.75
1783569600000,0.93706113,1.01444752,1.07123997,0.99147319,-0.01254468,-0.01299582,0.75,1.0
1783584000000,0.93217565,1.01773085,1.06566228,0.99303074,-0.0042251,-0.00521362,1.75,0.75
1783598400000,0.93223177,1.01554207,1.06430287,0.99191828,0.00110543,6.02e-05,1.75,1.0
1783612800000,0.92912975,1.01828114,1.07091136,0.99208685,-0.00301233,-0.00332752,0.5,0.5
1783627200000,0.92646935,1.01931647,1.06864817,0.99210506,-0.00194004,-0.00286333,1.5,1.0
1783641600000,0.91266521,1.03207668,1.08309459,0.99011698,-0.01370907,-0.01489973,2.0,1.0
1783656000000,0.91094511,1.03214836,1.08162863,0.9886599,-0.00097707,-0.0018847,1.5,0.5
1783670400000,0.91054402,1.03143021,1.09102484,0.99350222,0.00012774,-0.00044031,1.0,0.5
1783684800000,0.90397351,1.03795061,1.08137808,0.99351133,-0.00676886,-0.00721602,0.75,0.75
1783699200000,0.90399214,1.03665441,1.08048724,0.99258468,0.0006347,2.06e-05,1.0,0.75
1783713600000,0.90371889,1.03658489,1.08267226,0.99215323,-0.0001176,-0.00030227,0.25,0.5
1783728000000,0.90447162,1.03546073,1.08200106,0.99114748,0.0009587,0.00083292,0.25,0.75
1783742400000,0.90282021,1.03589821,1.08318333,0.99002386,-0.00112416,-0.00182582,1.25,1.0
1783756800000,0.90197567,1.03567609,1.08406244,0.98994374,-0.00036051,-0.00093545,1.0,0.5
1783771200000,0.90481859,1.03112936,1.08802131,0.98741591,0.00377099,0.00315188,1.0,1.0
1783785600000,0.90522027,1.03015444,1.08978824,0.98553923,0.00069471,0.00044393,0.5,1.0
1783800000000,0.89860977,1.03651375,1.07267695,0.98393883,-0.0067379,-0.00730264,1.0,1.0
1783814400000,0.89204149,1.04241051,1.07958394,0.98402987,-0.00649921,-0.00730938,1.5,1.0
1783828800000,0.89259992,1.03933974,1.07159163,0.984705,0.00178592,0.00062601,0.75,0.75
1783843200000,0.8890289,1.04271091,1.07546925,0.98317154,-0.00362213,-0.00400069,0.75,1.0
1783857600000,0.89092741,1.03897771,1.08193127,0.98503711,0.00285788,0.00213548,1.25,0.75
1783872000000,0.89188307,1.03786323,1.08256282,0.98411151,0.00107266,0.00107266,0.0,0.75
1783886400000,0.88915456,1.04077726,1.07220133,0.98322436,-0.00293349,-0.00305927,0.25,1.0
1783900800000,0.90083801,1.0253782,1.05714148,0.98547156,0.01396784,0.01313996,1.5,1.0
1783915200000,0.8961441,1.03072104,1.06264983,0.98708211,-0.0052106,-0.0052106,0.0,1.0
1783929600000,0.89526987,1.03051725,1.06045296,0.98559405,-0.00038891,-0.00097555,1.0,1.0
1783944000000,0.89779338,1.02617122,1.05542701,0.98557883,0.00351802,0.00281871,1.25,0.75
1783958400000,0.90202756,1.0210734,1.05031578,0.98175282,0.00484201,0.00471621,0.25,1.0
1783972800000,0.9022966,1.02049039,1.05009748,0.98082306,0.00043462,0.00029826,0.25,0.75
1783987200000,0.90339528,1.0184082,1.05230005,0.97957399,0.00162902,0.00121765,0.75,1.0
1784001600000,0.90151101,1.0193768,1.05178108,0.97969243,-0.00151844,-0.00208577,1.0,1.0
1784016000000,0.89581638,1.02465491,1.05775286,0.97704007,-0.00574727,-0.00631675,1.0,1.0
1784030400000,0.88565195,1.03570928,1.09221008,0.9594992,-0.01106747,-0.01134656,0.5,1.0
1784044800000,0.88660201,1.03297883,1.0932651,0.95939869,0.00185452,0.00107273,1.25,0.75
1784059200000,0.88366004,1.03549641,1.09899769,0.95846852,-0.00287773,-0.00331826,0.75,1.0
1784073600000,0.88006522,1.03818669,1.09333386,0.95454889,-0.00333308,-0.00406811,1.25,0.75
1784088000000,0.88004778,1.03680839,1.08989389,0.95423274,0.00065389,-1.982e-05,1.25,1.0
1784102400000,0.87703533,1.03934772,1.09410733,0.95291747,-0.00293611,-0.00342305,0.75,0.75
1784116800000,0.88200973,1.03222887,1.11000512,0.94662883,0.00626059,0.00567183,1.0,0.25
1784131200000,0.87618196,1.03841531,1.09985434,0.94199657,-0.00630033,-0.00660738,0.5,0.75
1784145600000,0.87467278,1.03854552,1.09894392,0.94207543,-0.00092392,-0.00172244,1.25,1.0
1784160000000,0.87449864,1.03740562,1.09706021,0.94155576,0.00044925,-0.0001991,1.0,0.5
1784174400000,0.87596588,1.03474676,1.09075882,0.93944572,0.0021204,0.00167781,0.75,0.75
1784188800000,0.878562,1.03077828,1.08698456,0.93930134,0.00339947,0.00296372,0.75,1.0
1784203200000,0.87754814,1.0313134,1.09126006,0.93744721,-0.00083657,-0.001154,0.5,0.5
1784217600000,0.87031085,1.03845034,1.08095272,0.92812396,-0.00758371,-0.00824718,1.0,1.0
1784232000000,0.87568227,1.03013627,1.07310909,0.92398646,0.00708903,0.00617184,1.5,1.0
1784246400000,0.87711655,1.02844901,1.07135144,0.92574087,0.0016379,0.0016379,0.0,1.0
1784260800000,0.88612689,1.01788408,1.06034579,0.91894822,0.01027269,0.01027269,0.0,1.0
1784275200000,0.88230472,1.02227456,1.06491942,0.91528398,-0.00431334,-0.00431334,0.0,1.0
1784289600000,0.8819955,1.02154905,1.06372853,0.91685053,0.00017962,-0.00035047,1.0,1.0
1784304000000,0.8797889,1.02358843,1.07190002,0.91360736,-0.00224909,-0.00250182,0.5,1.0
1784318400000,0.87825705,1.02339623,1.06930501,0.9119721,-0.0007767,-0.00174116,1.5,0.5
1784332800000,0.87539231,1.02488331,1.07166078,0.91171048,-0.00235747,-0.00326185,1.5,1.0
1784347200000,0.87363049,1.02551041,1.06944918,0.91150944,-0.00131224,-0.00201261,1.25,0.75
1784361600000,0.87303829,1.02498575,1.06966389,0.9107887,-8.312e-05,-0.00067785,1.0,0.75
1784376000000,0.87238928,1.02418774,1.06905677,0.91076282,1.758e-05,-0.0007434,1.25,0.5
1784390400000,0.87034374,1.02567429,1.07628264,0.90682737,-0.0018981,-0.00234475,0.75,0.75
1784404800000,0.87115525,1.02305044,1.07795885,0.90577744,0.00174529,0.0009324,1.25,1.0
1784419200000,0.8718459,1.02149889,1.08020092,0.9065634,0.00115469,0.0007928,0.5,1.0
1784433600000,0.87227597,1.02007052,1.08122412,0.90576119,0.0009458,0.00049329,0.75,0.75
1784448000000,0.87207663,1.02004705,1.08043184,0.90658969,-0.00010276,-0.00022853,0.25,0.5
1784462400000,0.87140338,1.02018383,1.08146559,0.90577694,-0.00045305,-0.000772,0.5,0.5
1784476800000,0.86868784,1.02245554,1.07773184,0.90418614,-0.00267153,-0.00311629,0.75,0.75
1784491200000,0.86376392,1.02617292,1.08259321,0.90148034,-0.00465198,-0.00566823,1.75,1.0
1784505600000,0.86493916,1.02292571,1.08599582,0.90054572,0.0022625,0.00136061,1.5,0.5
1784520000000,0.85948619,1.02911739,1.07681566,0.90781913,-0.00617869,-0.00630446,0.25,0.75
1784534400000,0.84965098,1.03884109,1.09105798,0.90672304,-0.01044586,-0.01144313,1.5,0.75
1784548800000,0.85295287,1.03295062,1.09863026,0.90755878,0.00477821,0.00388618,1.5,0.75
1784563200000,0.85039264,1.03538502,1.09665397,0.90617173,-0.00267918,-0.00300161,0.5,0.75
1784577600000,0.84769624,1.03684406,1.09745537,0.90767336,-0.00228997,-0.00317077,1.5,0.75
1784592000000,0.84895315,1.0332311,1.10594068,0.90682632,0.00248366,0.00148274,1.75,1.0
1784606400000,0.85475009,1.02556733,1.1137689,0.9078512,0.00712281,0.00682834,0.5,1.0
1784620800000,0.85495469,1.02532183,1.11403551,0.90610167,0.00023937,0.00023937,0.0,1.0
1784635200000,0.85935507,1.01927537,1.1184832,0.90207212,0.00552202,0.00514691,0.5,1.0
1784649600000,0.86050343,1.01739839,1.11585911,0.90103418,0.00158889,0.0013363,0.5,1.0
1784664000000,0.85600354,1.02220851,1.11499797,0.90345128,-0.00497861,-0.00522936,0.5,1.0
1784678400000,0.85389887,1.02243166,1.11102389,0.90273792,-0.00133851,-0.00245872,2.0,1.0
1784692800000,0.85952884,1.01398883,1.10268278,0.90050146,0.00742542,0.00659325,1.5,1.0
1784707200000,0.85470825,1.0196757,1.10886708,0.90304142,-0.00560841,-0.00560841,0.0,1.0
1784721600000,0.85577596,1.01728741,1.11740493,0.90702553,0.00179571,0.00124922,1.0,1.0
1784736000000,0.84903311,1.02466455,1.10789588,0.91079478,-0.0075655,-0.00787923,0.5,1.0
1784750400000,0.84488152,1.02787197,1.11219475,0.91031227,-0.00401,-0.00488979,1.5,1.0
1784764800000,0.84714457,1.02459952,1.10492808,0.9148277,0.00293113,0.00267854,0.5,1.0
1784779200000,0.84937295,1.02138283,1.10173544,0.91426646,0.00288496,0.00263045,0.5,1.0
1784793600000,0.84674001,1.02454898,1.10515067,0.91610276,-0.00309986,-0.00309986,0.0,1.0
1784808000000,0.85241437,1.01713466,1.08880503,0.91621173,0.00696904,0.00670142,0.5,1.0
1784822400000,0.8581328,1.0097968,1.08122233,0.91116553,0.00696138,0.00670851,0.5,1.0
1784836800000,0.85593478,1.0123833,1.08399177,0.91144704,-0.0025614,-0.0025614,0.0,1.0
1784851200000,0.85403106,1.01463498,1.08640272,0.9116391,-0.00222414,-0.00222414,0.0,1.0
1784865600000,0.8524887,1.01620499,1.09046654,0.91120411,-0.00167667,-0.00180597,0.25,0.75
1784880000000,0.85160264,1.01636011,1.08122106,0.91272473,-0.00059602,-0.00103939,0.75,1.0
1784894400000,0.86254079,1.00212696,1.06662021,0.9031228,0.01342412,0.0128442,1.0,1.0
1784908800000,0.86251003,1.00216271,1.06665826,0.90307299,-3.567e-05,-3.567e-05,0.0,1.0
1784923200000,0.8621912,1.00227724,1.06663147,0.90222658,-0.00024197,-0.00036965,0.25,0.75
1784937600000,0.86198517,1.00188813,1.06641881,0.90098465,7.464e-05,-0.00023895,0.5,0.75
1784952000000,0.86412584,0.99902659,1.06350626,0.89945502,0.00266978,0.00248342,0.25,1.0
1784966400000,0.86289342,1.00045141,1.06502304,0.89914394,-0.00142621,-0.00142621,0.0,1.0
1784980800000,0.8641391,0.9978789,1.06985673,0.8996917,0.00200748,0.00144361,1.0,1.0
1784995200000,0.863483,0.99863655,1.07362385,0.89907123,-0.00075925,-0.00075925,0.0,1.0
1785009600000,0.86238407,0.99895774,1.07258294,0.89913164,-0.00079715,-0.00127267,0.75,0.75
1785024000000,0.85882396,1.00132558,1.07702384,0.8989256,-0.00324927,-0.00412822,1.5,0.75
1785038400000,0.85703562,1.00166703,1.07489734,0.89698455,-0.00121165,-0.00208231,1.5,0.75
1785052800000,0.85663637,1.00113356,1.07655864,0.89607558,3.337e-05,-0.00046585,0.75,0.5
1785067200000,0.8618341,0.99406155,1.08457809,0.89708548,0.0065658,0.00606761,0.75,0.75
1785081600000,0.86094524,0.99483674,1.08304814,0.89704078,-0.00090559,-0.00103136,0.25,1.0
1785096000000,0.85626408,0.99897631,1.09950441,0.8870335,-0.00479914,-0.00543723,1.0,1.0
1785110400000,0.85293634,1.00135232,1.09538566,0.88748647,-0.0031324,-0.00388635,1.25,0.75
1785124800000,0.85041894,1.00225892,1.09733585,0.88636705,-0.00192841,-0.00295145,1.75,1.0
1785139200000,0.84976663,1.00177736,1.09550392,0.88557843,-0.00014329,-0.00076705,1.0,0.5
1785153600000,0.85474618,0.99460203,1.0792513,0.88137511,0.00651125,0.00585991,1.0,1.0
1785168000000,0.84742082,1.00245055,1.08803762,0.88257259,-0.00823067,-0.00857022,0.5,1.0
1785182400000,0.84080994,1.0088315,1.061974,0.88307714,-0.00708326,-0.00780117,1.25,0.75
1785196800000,0.84698237,1.00001468,1.05335647,0.87964781,0.00804034,0.00734105,1.25,1.0
1785211200000,0.84666221,1.00039268,1.05375463,0.87907034,-0.00037799,-0.00037799,0.0,1.0
1785225600000,0.84682491,0.99914587,1.05065819,0.87762479,0.00071924,0.00019217,1.0,1.0
1785240000000,0.83336239,1.01398254,1.06678512,0.87723129,-0.0153735,-0.01589765,1.0,1.0
1785254400000,0.83166322,1.01357177,1.0656768,0.87785291,-0.00081691,-0.00203893,2.0,1.0
1785268800000,0.83070117,1.0129235,1.06578061,0.87900448,-0.00025859,-0.00115678,1.5,1.0
1785283200000,0.82906701,1.01379093,1.05894231,0.87638722,-0.00141178,-0.00196721,1.0,1.0
1785297600000,0.82564775,1.01718372,1.07565491,0.87643209,-0.00373543,-0.00412422,0.75,0.75
1785312000000,0.82188828,1.02040006,1.07142935,0.87815414,-0.00385768,-0.00455336,1.25,1.0
1785326400000,0.82887913,1.00967493,1.05884166,0.88103524,0.00950828,0.00850584,1.75,0.75
1785340800000,0.83002485,1.0082793,1.0557469,0.87953941,0.00138226,0.00138226,0.0,0.75
1785355200000,0.82572066,1.01260894,1.06473684,0.87716,-0.00473986,-0.00518563,0.75,0.5
1785369600000,0.82594667,1.01110297,1.06583494,0.87704384,0.00088047,0.00027372,1.0,1.0
1785384000000,0.82580474,1.01127672,1.06355397,0.87627995,-0.00017184,-0.00017184,0.0,1.0
1785398400000,0.82241675,1.01465443,1.07413415,0.88238337,-0.00372136,-0.00410266,0.75,0.75
1785412800000,0.82404904,1.01116388,1.07693738,0.88457588,0.00271245,0.00198475,1.25,1.0
1785427200000,0.82279131,1.01168921,1.07769868,0.88528653,-0.00102291,-0.00152628,1.0,1.0
1785441600000,0.82082339,1.01272469,1.07408815,0.8838189,-0.00170764,-0.00239177,1.25,0.75
1785456000000,0.82243208,1.00892878,1.06911453,0.88079437,0.00285403,0.00195985,1.5,0.75
1785470400000,0.82692412,1.00279754,1.06236559,0.88197016,0.00576944,0.00546191,0.5,0.75
1785484800000,0.82768187,1.00162636,1.0590377,0.88429059,0.00104213,0.00091635,0.25,0.5
1785499200000,0.83697576,0.98978351,1.0467808,0.88917947,0.01152622,0.01122882,0.5,1.0
1785513600000,0.83536905,0.99168356,1.04879027,0.88814733,-0.00191966,-0.00191966,0.0,1.0
1785528000000,0.83494597,0.99104193,1.04666392,0.88756558,7.028e-05,-0.00050646,1.0,0.5
1785542400000,0.831929,0.99351131,1.04979522,0.88861889,-0.00305254,-0.00361337,1.0,1.0
1785556800000,0.83075257,0.9937703,1.04870735,0.88857476,-0.00083738,-0.0014141,1.0,1.0
1785571200000,0.83012332,0.99310508,1.04843855,0.88763733,-4.403e-05,-0.00075744,1.25,0.75
1785585600000,0.82995845,0.99304871,1.04794219,0.88696383,-7.093e-05,-0.00019862,0.25,1.0
1785600000000,0.83384504,0.98739845,1.03327077,0.88910346,0.00518634,0.00468287,1.0,1.0
1785614400000,0.82813212,0.99356776,1.039985,0.89220482,-0.00654967,-0.0068513,0.5,1.0
1785628800000,0.82235877,0.99986984,1.05600141,0.89551896,-0.00665721,-0.00697153,0.5,1.0
1785643200000,0.82351336,0.99663963,1.05827603,0.89289362,0.00231732,0.001404,1.5,1.0
1785657600000,0.82364679,0.99572378,1.0502817,0.89433814,0.00054048,0.00016203,0.75,0.75
1785672000000,0.82231567,0.99630321,1.05157871,0.89289652,-0.00109902,-0.00161613,0.75,1.0
1785686400000,0.82295042,0.99478,1.05926614,0.89592117,0.00115039,0.0007719,0.75,0.75
1785700800000,0.8236662,0.99326721,1.06094828,0.89658842,0.00119524,0.00086976,0.5,0.75
1785715200000,0.81940038,0.99777987,1.04747303,0.89969605,-0.00486115,-0.00517906,0.5,0.75
1785729600000,0.82281498,0.99226151,1.0423345,0.90028856,0.00484892,0.0041672,1.25,1.0
1785744000000,0.8244074,0.99034116,1.04031725,0.89878236,0.00193532,0.00193532,0.0,1.0
1785758400000,0.81090542,1.00656077,1.05735536,0.90736124,-0.0163778,-0.0163778,0.0,1.0
1785772800000,0.81159276,1.00342581,1.05930894,0.90542503,0.00198107,0.00084762,2.0,1.0
1785787200000,0.80884716,1.00609923,1.05392964,0.90326439,-0.00302363,-0.00338297,0.5,1.0
1785801600000,0.80729411,1.00661511,1.05620496,0.90375071,-0.00121642,-0.00192008,1.25,0.75
1785816000000,0.80673257,1.0060392,1.05593583,0.9031756,-6.173e-05,-0.00069558,1.0,0.25
1785830400000,0.80580957,1.00654534,1.05897207,0.90150555,-0.00082361,-0.00114412,0.5,0.25
1785844800000,0.80554662,1.00581995,1.05938862,0.90175841,0.00019717,-0.00032632,0.75,0.5
1785859200000,0.80591199,1.0047659,1.06146608,0.90208333,0.00075076,0.00045357,0.5,1.0
1785873600000,0.80360237,1.00730113,1.05693463,0.90066811,-0.00269453,-0.00286585,0.25,0.75
1785888000000,0.80411259,1.00486331,1.05548985,0.89913281,0.00152753,0.00063491,1.5,0.75
1785902400000,0.80380824,1.00435226,1.05666345,0.8975673,6.505e-05,-0.00037849,0.75,1.0
1785916800000,0.80387362,1.00320272,1.05343745,0.89893333,0.00061295,8.134e-05,1.0,1.0
1785931200000,0.80251163,1.00349142,1.05564534,0.89724402,-0.00099103,-0.00169428,1.25,0.75
1785945600000,0.80628981,0.99748304,1.06778711,0.90081562,0.00534771,0.00470795,1.0,0.75
1785960000000,0.80497292,0.99872893,1.06233241,0.90120934,-0.00144116,-0.00163328,0.25,1.0
1785974400000,0.80835387,0.99389993,1.05362098,0.89954714,0.00451762,0.00420009,0.5,1.0
1785988800000,0.80572088,0.99663511,1.05911977,0.89650466,-0.0030046,-0.00325723,0.5,1.0
1786003200000,0.80563822,0.99623381,1.05684126,0.89494538,0.00015003,-0.00010259,0.5,1.0
1786017600000,0.80632599,0.99488367,1.05647681,0.89487176,0.00110447,0.0008537,0.5,1.0
1786032000000,0.80962506,0.99031414,1.05017265,0.89903609,0.00434226,0.00409149,0.5,1.0
1786046400000,0.80920748,0.99057581,1.04851781,0.89694512,-0.00039,-0.00051578,0.25,0.75
1786060800000,0.81198581,0.98692192,1.0437208,0.89434247,0.00356102,0.0034334,0.25,0.5
1786075200000,0.8091022,0.99017485,1.04739372,0.89307527,-0.00342367,-0.0035513,0.25,0.75
1786089600000,0.80943188,0.98897644,1.05606171,0.89556239,0.00080888,0.00040746,0.75,1.0
1786104000000,0.81026314,0.98757923,1.05518094,0.89466387,0.00121988,0.00102697,0.25,0.75
1786118400000,0.81150428,0.98568603,1.05473919,0.8944943,0.00172439,0.00153177,0.25,1.0
1786132800000,0.81046997,0.98694234,1.05195144,0.89595057,-0.00127456,-0.00127456,0.0,1.0
1786147200000,0.80341353,0.99435865,1.06128729,0.89550112,-0.00811052,-0.0087066,1.0,1.0
1786161600000,0.80161805,0.99481304,1.05971147,0.89545319,-0.00134589,-0.00223482,1.5,1.0
1786176000000,0.79975109,0.9953708,1.06382782,0.89240513,-0.00144483,-0.00232899,1.5,0.5
1786190400000,0.80289075,0.98990453,1.06912905,0.89317845,0.00470875,0.0039258,1.25,0.75
1786204800000,0.80138043,0.99151763,1.06725156,0.89319891,-0.00175533,-0.0018811,0.25,1.0
1786219200000,0.8016371,0.98938353,1.06484776,0.89328201,0.00123632,0.00032028,1.5,0.5
1786233600000,0.80239053,0.988201,1.06297989,0.89134958,0.00106754,0.00093987,0.25,0.75
1786248000000,0.8015097,0.98866013,1.06503412,0.89083038,-0.00078118,-0.00109776,0.5,0.75
1786262400000,0.80123944,0.98811739,1.06586991,0.89042563,0.00010589,-0.00033719,0.75,1.0
1786276800000,0.80378254,0.98448557,1.07291325,0.88667539,0.00342472,0.00317395,0.5,1.0
1786291200000,0.80298068,0.98546769,1.07101775,0.88672194,-0.0009976,-0.0009976,0.0,1.0
1786305600000,0.80922055,0.97619293,1.06174109,0.88689331,0.00859121,0.00777088,1.5,1.0
1786320000000,0.80717409,0.97841609,1.06459629,0.8863159,-0.00240315,-0.00252892,0.25,0.75
1786334400000,0.80787351,0.97621096,1.06933417,0.88768138,0.00156014,0.0008665,1.25,1.0
1786348800000,0.80779958,0.9763003,1.06777658,0.88639957,-9.151e-05,-9.151e-05,0.0,1.0
1786363200000,0.81144277,0.97115836,1.05155138,0.8862915,0.00488839,0.00451002,0.75,0.75
1786377600000,0.81165275,0.97004091,1.05073575,0.88658385,0.00070471,0.00025878,0.75,1.0
1786392000000,0.81329865,0.96746151,1.0467558,0.88766809,0.00234345,0.00202784,0.5,1.0
1786406400000,0.81100591,0.96957783,1.04930726,0.88819602,-0.00250328,-0.00281906,0.5,1.0
1786420800000,0.81137531,0.96803404,1.04459683,0.88853605,0.00102385,0.00045548,1.0,1.0
1786435200000,0.80715575,0.97172372,1.05051501,0.88483736,-0.00450601,-0.0052005,1.25,0.75
1786449600000,0.80092766,0.97811734,1.03754404,0.87590061,-0.00714788,-0.0077161,1.0,0.75
1786464000000,0.79350389,0.98390175,1.04432834,0.87882695,-0.00759139,-0.00926896,1.25,1.0
1786478400000,0.79187046,0.9828745,1.04765258,0.88052673,-0.00050722,-0.0020585,1.0,1.0
1786492800000,0.79116682,0.98312761,1.04888677,0.87953378,-0.00057306,-0.00088859,0.5,1.0
1786507200000,0.79090694,0.9828626,1.04908869,0.87880812,-2.946e-05,-0.00032847,0.5,1.0
1786521600000,0.79164394,0.98157212,1.05636879,0.87969852,0.00112241,0.00093184,0.25,0.75
1786536000000,0.79069342,0.98237759,1.04366059,0.87942137,-0.00101063,-0.00120068,0.25,1.0
1786550400000,0.79014892,0.9823762,1.04025891,0.87866176,-0.00034361,-0.00068864,0.5,1.0
1786564800000,0.78945776,0.98211129,1.03953684,0.87825981,-0.00030253,-0.00087473,1.0,1.0
1786579200000,0.78675387,0.98409826,1.04461894,0.87714881,-0.00272408,-0.003425,1.25,0.75
1786593600000,0.78857178,0.98027648,1.04768558,0.87678738,0.00309709,0.00231065,1.25,1.0
1786608000000,0.78637853,0.98215906,1.03886958,0.87651959,-0.00235088,-0.0027813,0.75,0.75
1786622400000,0.78632094,0.9808379,1.03812144,0.87561795,0.00063596,-7.323e-05,1.25,1.0
1786636800000,0.78274386,0.98529986,1.04284399,0.87280398,-0.00454914,-0.00454914,0.0,1.0
1786651200000,0.7817933,0.98477523,1.04291905,0.87177594,-0.00034097,-0.0012144,1.5,1.0
1786665600000,0.78019348,0.98538703,1.03997961,0.86986031,-0.0013338,-0.00204635,1.25,0.75
1786680000000,0.78131968,0.98245371,1.03480663,0.87138112,0.00221015,0.00144349,1.25,0.5
1786694400000,0.78119808,0.9819397,1.03452394,0.87059723,0.00018377,-0.00015564,0.5,1.0
1786708800000,0.77988594,0.98309076,1.0368604,0.87145141,-0.00142594,-0.00167965,0.5,1.0
1786723200000,0.77943484,0.98257711,1.03231538,0.86886935,-2.797e-05,-0.00057842,1.0,1.0
1786737600000,0.77747623,0.98362545,1.03424593,0.86854542,-0.00178989,-0.00251285,1.25,0.75
1786752000000,0.77597536,0.98413278,1.03559691,0.86683883,-0.00122311,-0.00193044,1.25,1.0
1786766400000,0.77477874,0.98504182,1.03425882,0.86537556,-0.00123289,-0.00154209,0.5,1.0
1786780800000,0.77407275,0.98415645,1.03359369,0.86502018,-6.2e-06,-0.00091121,1.5,1.0
1786795200000,0.77295206,0.9846922,1.03550609,0.86460789,-0.00099608,-0.00144779,0.75,0.75
1786809600000,0.77215625,0.98428671,1.03606722,0.86377098,-0.00030888,-0.00102957,1.25,1.0
1786824000000,0.77086699,0.98506335,1.0344742,0.86372582,-0.00122937,-0.00166969,0.75,0.75
1786838400000,0.76956648,0.98497635,1.03519295,0.86341469,-0.00079938,-0.00168707,1.5,0.75
1786852800000,0.76855814,0.98511361,1.03440632,0.86308722,-0.00072481,-0.00131027,1.0,0.75
1786867200000,0.76817151,0.98461804,1.03252387,0.8638966,0.0,-0.00050306,0.75,0.0
1786881600000,0.76734272,0.98482135,1.03494992,0.86527852,-0.00064271,-0.00107892,0.75,0.75
1786896000000,0.76639829,0.9851313,1.03353916,0.86455212,-0.00077275,-0.00123077,0.75,1.0
1786910400000,0.76862495,0.98115151,1.02719681,0.86101995,0.00347261,0.00290536,1.0,1.0
1786924800000,0.76024555,0.99134913,1.0381298,0.85682702,-0.01064767,-0.01090181,0.5,1.0
1786939200000,0.76034601,0.9892332,1.03956379,0.85727958,0.00113327,0.00013215,1.75,0.75
1786953600000,0.76003342,0.98876067,1.03930621,0.85654559,3.328e-05,-0.00041111,0.75,0.5
1786968000000,0.76101401,0.98646362,1.04577143,0.85793906,0.00180667,0.00129019,0.75,0.75
1786982400000,0.75859655,0.98859149,1.04284157,0.85720926,-0.00266684,-0.00317663,0.75,1.0
1786996800000,0.75842954,0.98752004,1.04565541,0.85663907,0.00043182,-0.00022016,1.0,0.5
1787011200000,0.75770852,0.98820681,1.03669627,0.85156091,-0.00082306,-0.00095067,0.25,0.75
1787025600000,0.75599267,0.98964308,1.0407608,0.8515023,-0.00185898,-0.00226454,0.75,0.5
1787040000000,0.75648545,0.98773131,1.04312612,0.85215983,0.00129181,0.00065183,1.0,1.0
1787054400000,0.76059661,0.98236343,1.05161685,0.8547222,0.00543455,0.00543455,0.0,1.0
1787068800000,0.75933352,0.98359689,1.04964826,0.85446477,-0.00145812,-0.00166064,0.25,0.75
1787083200000,0.75799632,0.98395946,1.04987477,0.85392586,-0.00106482,-0.00176102,1.25,1.0
1787097600000,0.75600154,0.98555829,1.04679643,0.85448507,-0.00212827,-0.00263165,1.0,1.0
1787112000000,0.75458288,0.98602758,1.04784711,0.85301194,-0.00117635,-0.00187654,1.25,0.75
1787126400000,0.75311997,0.98643813,1.05200225,0.85338924,-0.00117754,-0.0019387,1.25,1.0
1787140800000,0.7555633,0.98196637,1.12159735,0.85334663,0.00388876,0.00324428,1.0,1.0
1787155200000,0.75523106,0.98125943,1.12481805,0.85111775,0.0001401,-0.00043972,1.0,1.0
1787169600000,0.77297619,0.95730525,1.1691824,0.84590188,0.02395398,0.0234963,0.75,0.75
1787184000000,0.76793125,0.96260966,1.16199,0.8432099,-0.00603381,-0.00652665,0.75,1.0
1787198400000,0.75822871,0.97249782,1.17508823,0.84120244,-0.01145345,-0.01263466,2.0,1.0
1787212800000,0.77866265,0.9441827,1.21346009,0.83635781,0.02803272,0.02694957,1.75,0.75
1787227200000,0.79278167,0.92653404,1.23807461,0.84080212,0.0184122,0.0181324,0.5,0.75
1787241600000,0.78843864,0.93137683,1.23144693,0.84448182,-0.0053525,-0.00547822,0.25,1.0
1787256000000,0.78362544,0.93605416,1.24315937,0.83696523,-0.00556333,-0.00610472,0.75,0.75
1787270400000,0.79783788,0.9181344,1.26617246,0.84083744,0.01864035,0.01813677,0.75,1.0
1787284800000,0.80920054,0.9050585,1.28420506,0.8382795,0.01424182,0.01424182,0.0,1.0
1787299200000,0.8167715,0.89659069,1.2962202,0.84502383,0.00935609,0.00935609,0.0,1.0
1787313600000,0.82004931,0.89189372,1.31566398,0.85472848,0.00462591,0.00401313,1.0,1.0
1787328000000,0.81520126,0.89617333,1.30854375,0.85073938,-0.00535511,-0.00591189,1.0,1.0
1787342400000,0.80128175,0.90970601,1.35736367,0.84473258,-0.01608773,-0.01707494,1.5,1.0
1787356800000,0.822108,0.88432929,1.39366116,0.86653347,0.02694334,0.02599117,1.5,1.0
1787371200000,0.82360617,0.88204714,1.36905651,0.8641499,0.0022015,0.00182235,0.75,0.75
1787385600000,0.83650321,0.86682872,1.34629112,0.86173865,0.01645638,0.01565924,1.25,1.0
1787400000000,0.84542365,0.8575849,1.33193433,0.85211824,0.01066395,0.01066395,0.0,1.0
1787414400000,0.82979394,0.87343944,1.35655837,0.86030043,-0.01848743,-0.01848743,0.0,1.0
1787428800000,0.82783224,0.87474199,1.34138156,0.86672593,-0.00192769,-0.00236408,0.5,1.0
1787443200000,0.82708727,0.87486222,1.34190128,0.8694216,-0.00051867,-0.00089989,0.5,1.0
1787457600000,0.83624769,0.86517267,1.32703902,0.86390313,0.01107552,0.01107552,0.0,1.0
1787472000000,0.81941822,0.88258426,1.35374567,0.86540846,-0.02012499,-0.02012499,0.0,1.0
1787486400000,0.82048287,0.88087262,1.35661039,0.86762736,0.00161932,0.00129928,0.5,1.0
1787500800000,0.81882386,0.88265373,1.3573643,0.86636655,-0.00202199,-0.00202199,0.0,1.0
1787515200000,0.81488697,0.88589746,1.36821019,0.85976142,-0.00424148,-0.00480798,1.0,1.0
1787529600000,0.81034521,0.89011802,1.3409206,0.87059828,-0.00516882,-0.00557349,0.5,1.0
1787544000000,0.80432671,0.89541923,1.34957708,0.87462964,-0.00669135,-0.00742708,1.0,1.0
1787558400000,0.79160491,0.90958182,1.37092296,0.87779267,-0.01581671,-0.01581671,0.0,1.0
1787572800000,0.79223966,0.90604898,1.37465293,0.87974909,0.00234294,0.00080186,1.5,1.0
1787587200000,0.78987426,0.90751137,1.36660474,0.87816459,-0.00229987,-0.00298571,1.0,1.0
1787601600000,0.79307322,0.90259893,1.37724042,0.87203347,0.00473152,0.00404997,1.0,1.0
1787616000000,0.79878416,0.89515375,1.4027012,0.87271326,0.00772481,0.00720102,1.0,1.0
1787630400000,0.7885017,0.90597042,1.38499541,0.87648606,-0.01247811,-0.01287264,0.5,1.0
1787644800000,0.79297257,0.89857336,1.3750722,0.88037085,0.00691744,0.00567009,2.0,1.0
1787659200000,0.79250964,0.89909794,1.37587497,0.87919412,-0.0005838,-0.0005838,0.0,1.0
1787673600000,0.79260042,0.89828505,1.36743079,0.87889064,0.00050933,0.00011455,0.75,0.75
1787688000000,0.80264949,0.88619874,1.34954497,0.87464579,0.01306674,0.01267861,0.75,1.0
1787702400000,0.79774314,0.89161581,1.35779434,0.87583694,-0.0061127,-0.0061127,0.0,1.0
1787716800000,0.79772392,0.8907016,1.35441512,0.87382112,0.00050062,-2.41e-05,1.0,1.0
1787731200000,0.80099684,0.88600283,1.3479473,0.87198573,0.00468909,0.00410283,1.0,1.0
1787745600000,0.80874189,0.87697696,1.33101266,0.87509997,0.00992822,0.00966926,0.5,1.0
1787760000000,0.80306822,0.88261256,1.33989872,0.8727797,-0.00672079,-0.00701542,0.5,1.0
1787774400000,0.80863686,0.8754407,1.37605241,0.84884467,0.00752996,0.00693421,1.0,1.0
1787788800000,0.80829186,0.87581421,1.36625632,0.84446173,-0.00042665,-0.00042665,0.0,1.0
1787803200000,0.80428843,0.87809898,1.37050366,0.84410196,-0.00378085,-0.00495295,1.0,1.0
1787817600000,0.80614741,0.87506871,1.38303399,0.83983661,0.00288114,0.00231133,1.0,0.5
1787832000000,0.81933414,0.85985864,1.40971372,0.82728227,0.01686964,0.01635771,0.75,0.75
1787846400000,0.81931357,0.85965861,1.40985456,0.82596753,0.00010376,-2.51e-05,0.25,1.0
1787860800000,0.81673722,0.86081837,1.41133085,0.82510021,-0.00224681,-0.00314453,1.5,1.0
1787875200000,0.81233436,0.86454491,1.39344182,0.82105637,-0.00485993,-0.0053908,1.0,1.0
1787889600000,0.81374382,0.86160927,1.38975536,0.82058444,0.00256533,0.00173508,1.5,1.0
1787904000000,0.81504765,0.85996824,1.388429,0.82037227,0.00175343,0.00160225,0.25,0.75
1787918400000,0.81899624,0.85558258,1.37231751,0.81655284,0.0049722,0.00484462,0.25,1.0
1787932800000,0.830794,0.8426877,1.35197775,0.81278654,0.01473831,0.01440515,0.5,1.0
1787947200000,0.82724759,0.84628488,1.35774895,0.81136621,-0.0042687,-0.0042687,0.0,1.0
1787961600000,0.82873968,0.84425405,1.35314277,0.81182268,0.00210169,0.00180368,0.5,1.0
1787976000000,0.82797879,0.84452579,1.3539166,0.81221332,-0.00062,-0.00091813,0.5,1.0
1787990400000,0.82825283,0.84371581,1.35297337,0.81206987,0.00064504,0.00033097,0.5,0.5
1788004800000,0.82367894,0.8481605,1.36264315,0.81392674,-0.00539517,-0.00552234,0.25,0.75
1788019200000,0.82374311,0.84714239,1.36739651,0.81367342,0.00063914,7.791e-05,1.0,0.75
1788033600000,0.82414485,0.84639708,1.36860353,0.81314214,0.00068375,0.0004877,0.25,1.0
1788048000000,0.8236031,0.84638301,1.36540792,0.810979,-0.00032037,-0.00065735,0.5,1.0
1788062400000,0.8239599,0.84527456,1.36389827,0.81103302,0.00087143,0.00043322,0.75,0.75
1788076800000,0.82265421,0.84639911,1.36588329,0.81087416,-0.00145753,-0.00158465,0.25,1.0
1788091200000,0.825259,0.84256914,1.37674442,0.80487899,0.00384567,0.00316632,1.25,0.75
1788105600000,0.82603513,0.84115833,1.38161988,0.80147566,0.00130744,0.00094047,0.5,0.75
1788120000000,0.82129818,0.84462799,1.33762491,0.80405143,-0.00492971,-0.00573456,1.25,1.0
1788134400000,0.82015316,0.84463727,1.33830843,0.80296592,-0.00070258,-0.00139416,1.0,1.0
1788148800000,0.81676341,0.84749,1.35063068,0.80150953,-0.00375526,-0.00413306,0.75,0.75
1788163200000,0.81824962,0.84522048,1.35292751,0.80106775,0.00224878,0.00181963,0.75,1.0
1788177600000,0.81946951,0.84396038,1.35563555,0.8011948,0.00149085,0.00149085,0.0,1.0
1788192000000,0.81655621,0.84624465,1.36507741,0.79961467,-0.00313086,-0.0035551,0.75,0.75
1788206400000,0.81215468,0.84809882,1.35655605,0.79827601,-0.00379071,-0.00539036,1.0,0.75
1788220800000,0.80850947,0.85017447,1.36106309,0.79948774,-0.00346787,-0.00448832,1.75,1.0
1788235200000,0.80574079,0.85128198,1.35735392,0.79916111,-0.00236355,-0.00342442,1.75,0.75
1788249600000,0.80678404,0.84883333,1.35047092,0.79641595,0.00208559,0.00129476,1.25,1.0
1788264000000,0.80751004,0.84712986,1.34643226,0.79525122,0.00145336,0.00089988,1.0,1.0
1788278400000,0.81860651,0.83495331,1.32741541,0.7955598,0.01405773,0.01374158,0.5,1.0
1788292800000,0.81900304,0.83454885,1.3267724,0.79561503,0.0004844,0.0004844,0.0,1.0
1788307200000,0.8184275,0.83513532,1.32770477,0.79529844,-0.00070273,-0.00070273,0.0,1.0
1788321600000,0.81806803,0.83497436,1.32466815,0.79400397,-0.00012324,-0.00043922,0.5,1.0
1788336000000,0.82918432,0.82310996,1.30617672,0.79486436,0.01389888,0.01358846,0.5,1.0
1788350400000,0.82274495,0.82950216,1.31632037,0.79493565,-0.00776591,-0.00776591,0.0,1.0
1788364800000,0.82296206,0.82862183,1.31883054,0.79517242,0.00066258,0.00026389,0.5,1.0
1788379200000,0.82158948,0.82958608,1.32356101,0.79178609,-0.00141576,-0.00166785,0.5,1.0
1788393600000,0.82175819,0.82845763,1.33063375,0.78946951,0.0007828,0.00020534,1.0,1.0
1788408000000,0.82039283,0.82892904,1.3290882,0.78920659,-0.00111527,-0.00166152,1.0,1.0
1788422400000,0.81865343,0.82929761,1.33435766,0.78693615,-0.00128242,-0.0021202,1.5,1.0
1788436800000,0.85884094,0.78722886,1.40086175,0.79502645,0.04990897,0.04908978,1.5,1.0
1788451200000,0.85889271,0.78678684,1.40473041,0.79359103,0.00031088,6.027e-05,0.5,1.0
1788465600000,0.85702068,0.78799418,1.39165062,0.79272146,-0.00185705,-0.00217958,0.5,0.5
1788480000000,0.85902741,0.78515222,1.38732736,0.79293703,0.00297404,0.00234152,1.0,1.0
1788494400000,0.85913195,0.78329009,1.38415369,0.79209479,0.00124669,0.00012169,0.25,0.75
1788508800000,0.85569305,0.7864254,1.39220995,0.79538318,-0.00400275,-0.00400275,0.0,0.75
1788523200000,0.84066733,0.79901603,1.35316064,0.8004627,-0.01678483,-0.01755971,1.25,1.0
1788537600000,0.83807039,0.8000542,1.35593369,0.79893955,-0.00219423,-0.00308915,1.5,1.0
1788552000000,0.83794387,0.79997171,1.35598683,0.79863832,-2.392e-05,-0.00015096,0.25,0.75
1788566400000,0.83799734,0.79940196,1.3546571,0.79885788,0.00038801,6.381e-05,0.5,0.75
1788580800000,0.83593765,0.80086315,1.3585695,0.7977599,-0.00214286,-0.00245787,0.5,0.75
1788595200000,0.83440135,0.79940364,1.35665159,0.79675773,-7.7e-06,-0.00183782,1.5,0.75
1788609600000,0.83398009,0.79900005,1.36195738,0.79561925,0.0,-0.00050486,0.75,0.0
1788624000000,0.83655874,0.79570881,1.36646953,0.79542598,0.00360559,0.00309198,0.75,0.75
1788638400000,0.83542897,0.79658349,1.36551065,0.79506455,-0.00122487,-0.0013505,0.25,1.0
1788652800000,0.83208895,0.79850075,1.38240857,0.79102038,-0.00320241,-0.00399797,1.25,0.75
1788667200000,0.82791373,0.80148055,1.37517822,0.79032981,-0.00437475,-0.00501776,1.0,0.75
1788681600000,0.82386184,0.80399388,1.38091111,0.79285485,-0.00401498,-0.0048941,1.5,0.75
1788696000000,0.81852742,0.80779786,1.37217431,0.79203768,-0.00560313,-0.00647489,1.5,0.75
1788710400000,0.81705156,0.80758233,1.37300885,0.79078951,-0.00076813,-0.00180307,1.75,1.0
1788724800000,0.81463535,0.80935085,1.38521299,0.78364793,-0.00257356,-0.00295723,0.75,0.75
1788739200000,0.80503058,0.81753111,1.36974672,0.78554097,-0.01094873,-0.01179027,1.25,1.0
1788753600000,0.80719052,0.81334797,1.36410776,0.78601182,0.00389992,0.00268304,2.0,1.0
1788768000000,0.80618816,0.81435797,1.36580168,0.78479691,-0.00124178,-0.00124178,0.0,1.0
1788782400000,0.81311296,0.80715838,1.35138551,0.78961919,0.00871518,0.00858955,0.25,0.75
1788796800000,0.804611,0.81539527,1.36534504,0.78569788,-0.01033043,-0.01045606,0.25,1.0
1788811200000,0.80544946,0.81375086,1.36014943,0.78445996,0.00152938,0.00104206,0.75,0.75
1788825600000,0.8070255,0.8112919,1.35654943,0.78476721,0.00248925,0.00195673,0.75,1.0
1788840000000,0.81041046,0.80788905,1.35085958,0.78216024,0.00419436,0.00419436,0.0,1.0
1788854400000,0.81016171,0.80813702,1.35127421,0.78137669,-0.00030694,-0.00030694,0.0,1.0
1788868800000,0.80400534,0.8139486,1.37085477,0.78593032,-0.00739514,-0.00759894,0.25,0.75
1788883200000,0.79938296,0.8170899,1.35982414,0.78610244,-0.00480426,-0.00574919,1.25,1.0
1788897600000,0.79893009,0.816036,1.35909007,0.78417825,0.00036166,-0.00056651,1.5,1.0
1788912000000,0.79876941,0.81575962,1.35997952,0.78412888,6.878e-05,-0.00020112,0.5,1.0
1788926400000,0.79767638,0.81630927,1.37561067,0.78369802,-0.0010211,-0.0013684,0.5,0.5
1788940800000,0.79392134,0.81934383,1.36979553,0.78278188,-0.00421244,-0.00470747,0.75,0.75
1788955200000,0.79364323,0.81816701,1.35884923,0.78506627,0.000543,-0.00035029,1.5,0.75
1788969600000,0.79981241,0.81094197,1.34735912,0.78499089,0.00830201,0.00777325,0.75,1.0
1788984000000,0.80186615,0.80885965,1.3438994,0.78334876,0.00256778,0.00256778,0.0,1.0
1788998400000,0.80222628,0.80808468,1.34489145,0.78284034,0.0007036,0.00044911,0.5,1.0
1789012800000,0.80338787,0.80650953,1.34000048,0.78238143,0.0016986,0.00144797,0.5,1.0
1789027200000,0.80607972,0.80297618,1.33479988,0.78287508,0.00386583,0.00335062,1.0,1.0
1789041600000,0.81474764,0.79434164,1.32044654,0.7814027,0.01075318,0.01075318,0.0,1.0
1789056000000,0.81412181,0.79495179,1.32146082,0.78205205,-0.00076813,-0.00076813,0.0,1.0
1789070400000,0.81808873,0.79067757,1.30818738,0.78509334,0.00512468,0.00487265,0.5,1.0
1789084800000,0.81362532,0.7945562,1.31493168,0.78536926,-0.00518068,-0.0054559,0.5,1.0
1789099200000,0.81505815,0.79182953,1.32249547,0.78565257,0.00259636,0.00176104,1.5,1.0
1789113600000,0.81658681,0.79034444,1.31410905,0.78213014,0.00187553,0.00187553,0.0,1.0
1789128000000,0.79443046,0.81040795,1.34845433,0.78088666,-0.02625934,-0.02713288,1.5,1.0
1789142400000,0.78956814,0.81311494,1.34154957,0.78079093,-0.00473039,-0.0061205,2.0,1.0
1789156800000,0.79238138,0.80875674,1.33839142,0.78292471,0.00446145,0.003563,1.5,1.0
1789171200000,0.78975984,0.81143245,1.33729046,0.78203636,-0.00330843,-0.00330843,0.0,1.0
1789185600000,0.78899264,0.81089146,1.33979885,0.78086603,-0.00015237,-0.00097144,1.25,0.75
1789200000000,0.78970679,0.80920639,1.34381459,0.78049801,0.00149159,0.00090513,1.0,0.75
1789214400000,0.78930908,0.80908385,1.34359717,0.78031756,-0.00017609,-0.00050361,0.5,0.75
1789228800000,0.78941573,0.80779737,1.33530298,0.77871135,0.00086259,0.00013512,1.25,1.0
1789243200000,0.78660267,0.80968176,1.33908557,0.77883773,-0.00294812,-0.00356348,1.0,1.0
1789257600000,0.78559671,0.80946766,1.33676127,0.77823273,-0.00050722,-0.00127887,1.25,0.25
1789272000000,0.7880752,0.80565928,1.33130757,0.77511407,0.00392985,0.00315492,1.25,1.0
1789286400000,0.7926863,0.80073153,1.31849339,0.77121557,0.00598375,0.00585109,0.25,0.75
1789300800000,0.79012717,0.80309996,1.32255807,0.76916992,-0.00309313,-0.00322843,0.25,1.0
1789315200000,0.78786884,0.80478877,1.33048435,0.76928545,-0.00248052,-0.00285818,0.75,0.75
1789329600000,0.78843126,0.80322551,1.31540173,0.76994468,0.00132815,0.00071384,1.0,0.75
1789344000000,0.77721081,0.81407857,1.33678303,0.76972845,-0.0138716,-0.01423136,0.5,0.75
1789358400000,0.77749413,0.81154129,1.34450383,0.76483804,0.00174064,0.00036453,0.75,1.0
1789372800000,0.77636986,0.81174872,1.34323191,0.76596525,-0.00085081,-0.00144602,1.0,1.0
1789387200000,0.77545285,0.81158192,1.34945115,0.76460824,-0.00048783,-0.00118115,1.25,0.75
1789401600000,0.78457277,0.80129277,1.37426597,0.76908406,0.01221933,0.01176076,0.75,1.0
1789416000000,0.77366253,0.81203172,1.35549904,0.77268122,-0.013654,-0.01390596,0.5,1.0
1789430400000,0.77575412,0.80668479,1.34441935,0.7698744,0.00464406,0.0027035,1.75,0.75
1789444800000,0.77760707,0.80242575,1.32742376,0.77345984,0.00383413,0.00238858,0.75,1.0
1789459200000,0.77469688,0.80342276,1.32940493,0.77327043,-0.00249249,-0.00374249,0.5,1.0
1789473600000,0.76473624,0.81061872,1.3116811,0.77171586,-0.01090705,-0.01285748,1.75,0.75
1789488000000,0.78041321,0.79082474,1.28079973,0.77153239,0.0224591,0.02049985,1.75,1.0
1789502400000,0.78722722,0.78391983,1.2696167,0.76972364,0.00873128,0.00873128,0.0,1.0
1789516800000,0.78359863,0.78753318,1.27546879,0.76854956,-0.00460933,-0.00460933,0.0,1.0
1789531200000,0.78611897,0.78460537,1.27060407,0.76668675,0.00346703,0.00321637,0.5,1.0
1789545600000,0.77880557,0.79149402,1.28207732,0.76431229,-0.00904147,-0.00930318,0.5,1.0
1789560000000,0.77727863,0.79176396,1.26597416,0.76558999,-0.00115083,-0.00196062,1.5,1.0
1789574400000,0.76742861,0.80049524,1.28088434,0.76611271,-0.01185004,-0.01267244,1.5,1.0
1789588800000,0.76764974,0.79712228,1.2829128,0.76665225,0.00225087,0.00028815,1.75,0.75
1789603200000,0.77049874,0.79194464,1.28992799,0.76623663,0.00510338,0.00371133,0.75,1.0
1789617600000,0.77033535,0.79013271,1.28997694,0.76452703,0.00103794,-0.00021206,0.5,1.0
1789632000000,0.76978412,0.78872278,1.28809422,0.76389753,0.00053442,-0.00071558,0.5,1.0
1789646400000,0.76912894,0.78899178,1.29880032,0.76519985,-0.00059609,-0.00085111,0.5,1.0
1789660800000,0.76382618,0.79186305,1.28980534,0.7618416,-0.00526683,-0.00689451,1.25,0.75
1789675200000,0.76427494,0.78881999,1.28980853,0.75983212,0.00221522,0.00058752,1.25,1.0
1789689600000,0.76055903,0.79265524,1.31495591,0.76079255,-0.00486201,-0.00486201,0.0,1.0
1789704000000,0.76268145,0.78783668,1.3212532,0.76017754,0.00443481,0.00279061,1.25,0.75
1789718400000,0.76361725,0.7848994,1.32195812,0.76020302,0.00247763,0.00122699,0.5,0.75
1789732800000,0.77595245,0.7704544,1.37429652,0.77709367,0.01727864,0.01615364,0.25,1.0
1789747200000,0.78904992,0.7555236,1.39783713,0.78813773,0.01812921,0.01687921,0.5,1.0
1789761600000,0.7830829,0.76085839,1.38500364,0.79394661,-0.00731166,-0.00756228,0.5,1.0
