ts,coin,choice,p_long,p_flat,p_short,confidence
1782864000000,BTC,flat,0.32,0.35,0.33,0.02
1782864000000,ETH,long,0.6,0.22,0.18,0.39
1782864000000,SOL,long,0.74,0.09,0.17,0.61
1782864000000,XRP,long,0.48,0.3,0.22,0.23
1782878400000,BTC,short,0.14,0.25,0.61,0.42
1782878400000,ETH,short,0.09,0.25,0.66,0.48
1782878400000,SOL,long,0.44,0.2,0.36,0.17
1782878400000,XRP,short,0.13,0.29,0.58,0.38
1782892800000,BTC,short,0.14,0.21,0.65,0.46
1782892800000,ETH,short,0.08,0.21,0.71,0.56
1782892800000,SOL,long,0.48,0.21,0.31,0.23
1782892800000,XRP,short,0.06,0.24,0.7,0.54
1782907200000,BTC,long,0.41,0.37,0.22,0.11
1782907200000,ETH,long,0.68,0.18,0.14,0.52
1782907200000,SOL,long,0.67,0.13,0.2,0.51
1782907200000,XRP,long,0.45,0.38,0.17,0.18
1782921600000,BTC,flat,0.23,0.45,0.32,0.17
1782921600000,ETH,flat,0.25,0.4,0.35,0.09
1782921600000,SOL,short,0.22,0.19,0.59,0.39
1782921600000,XRP,flat,0.24,0.46,0.3,0.2
1782936000000,BTC,flat,0.17,0.44,0.39,0.15
1782936000000,ETH,short,0.11,0.3,0.59,0.39
1782936000000,SOL,long,0.71,0.13,0.16,0.56
1782936000000,XRP,short,0.08,0.34,0.58,0.37
1782950400000,BTC,long,0.57,0.29,0.14,0.35
1782950400000,ETH,long,0.65,0.21,0.14,0.48
1782950400000,SOL,long,0.73,0.12,0.15,0.6
1782950400000,XRP,flat,0.31,0.41,0.28,0.12
1782964800000,BTC,short,0.13,0.41,0.45999999999999996,0.2
1782964800000,ETH,short,0.12,0.35,0.53,0.31
1782964800000,SOL,short,0.35,0.3,0.35,0.03
1782964800000,XRP,short,0.11,0.33,0.5599999999999999,0.35
1782979200000,BTC,long,0.45999999999999996,0.34,0.2,0.2
1782979200000,ETH,long,0.65,0.19,0.16,0.47
1782979200000,SOL,long,0.62,0.15,0.23,0.43
1782979200000,XRP,long,0.49,0.33,0.18,0.23
1782993600000,BTC,long,0.37,0.37,0.26,0.06
1782993600000,ETH,long,0.64,0.16,0.2,0.46
1782993600000,SOL,short,0.31,0.24,0.45,0.17
1782993600000,XRP,long,0.64,0.26,0.1,0.46
1783008000000,BTC,short,0.09,0.44,0.47,0.21
1783008000000,ETH,long,0.6,0.25,0.15,0.4
1783008000000,SOL,long,0.36,0.3,0.34,0.04
1783008000000,XRP,short,0.08,0.27,0.65,0.47
1783022400000,BTC,flat,0.32,0.46,0.22,0.19
1783022400000,ETH,long,0.56,0.31,0.13,0.34
1783022400000,SOL,short,0.36,0.27,0.37,0.06
1783022400000,XRP,long,0.4,0.32,0.28,0.11
1783036800000,BTC,short,0.09,0.39,0.52,0.28
1783036800000,ETH,long,0.69,0.18,0.13,0.53
1783036800000,SOL,flat,0.26,0.43,0.31,0.15
1783036800000,XRP,flat,0.31,0.38,0.31,0.08
1783051200000,BTC,long,0.51,0.34,0.15,0.27
1783051200000,ETH,long,0.85,0.09,0.06,0.76
1783051200000,SOL,long,0.63,0.18,0.19,0.44
1783051200000,XRP,long,0.61,0.24,0.15,0.41
1783065600000,BTC,long,0.48,0.36,0.16,0.21
1783065600000,ETH,long,0.77,0.13,0.1,0.66
1783065600000,SOL,long,0.45,0.29,0.26,0.17
1783065600000,XRP,long,0.64,0.21,0.15,0.46
1783080000000,BTC,short,0.12,0.39,0.49,0.22
1783080000000,ETH,short,0.22,0.24,0.54,0.3
1783080000000,SOL,short,0.13,0.34,0.53,0.3
1783080000000,XRP,long,0.58,0.22,0.2,0.36
1783094400000,BTC,long,0.5,0.36,0.14,0.25
1783094400000,ETH,long,0.74,0.15,0.11,0.62
1783094400000,SOL,long,0.62,0.2,0.18,0.43
1783094400000,XRP,long,0.73,0.16,0.11,0.59
1783108800000,BTC,long,0.7,0.23,0.07,0.55
1783108800000,ETH,long,0.85,0.09,0.06,0.78
1783108800000,SOL,flat,0.3,0.38,0.32,0.07
1783108800000,XRP,long,0.58,0.27,0.15,0.37
1783123200000,BTC,long,0.6,0.29,0.11,0.41
1783123200000,ETH,short,0.27,0.33,0.4,0.1
1783123200000,SOL,long,0.48,0.28,0.24,0.22
1783123200000,XRP,long,0.58,0.25,0.17,0.37
1783137600000,BTC,short,0.11,0.34,0.55,0.33
1783137600000,ETH,long,0.56,0.29,0.15,0.34
1783137600000,SOL,flat,0.28,0.4,0.32,0.1
1783137600000,XRP,long,0.55,0.31,0.14,0.33
1783152000000,BTC,short,0.15,0.37,0.48,0.22
1783152000000,ETH,long,0.38,0.36,0.26,0.08
1783152000000,SOL,short,0.13,0.25,0.62,0.43
1783152000000,XRP,long,0.49,0.37,0.14,0.24
1783166400000,BTC,long,0.48,0.33,0.19,0.23
1783166400000,ETH,long,0.63,0.17,0.2,0.44
1783166400000,SOL,short,0.31,0.34,0.35,0.03
1783166400000,XRP,long,0.72,0.16,0.12,0.58
1783180800000,BTC,long,0.7,0.23,0.07,0.55
1783180800000,ETH,long,0.63,0.23,0.14,0.45
1783180800000,SOL,short,0.13,0.33,0.54,0.32
1783180800000,XRP,short,0.2,0.28,0.52,0.29
1783195200000,BTC,flat,0.25,0.43,0.32,0.14
1783195200000,ETH,short,0.15,0.25,0.6,0.4
1783195200000,SOL,short,0.17,0.35,0.48,0.22
1783195200000,XRP,short,0.1,0.29,0.61,0.42
1783209600000,BTC,short,0.17,0.37,0.46,0.19
1783209600000,ETH,short,0.16,0.28,0.56,0.35
1783209600000,SOL,short,0.09,0.19,0.72,0.58
1783209600000,XRP,short,0.04,0.23,0.73,0.6
1783224000000,BTC,long,0.36,0.29,0.35,0.05
1783224000000,ETH,long,0.49,0.16,0.35,0.23
1783224000000,SOL,short,0.09,0.23,0.68,0.52
1783224000000,XRP,short,0.15,0.32,0.53,0.28
1783238400000,BTC,short,0.1,0.35,0.55,0.32
1783238400000,ETH,short,0.24,0.31,0.45,0.18
1783238400000,SOL,short,0.12,0.2,0.68,0.52
1783238400000,XRP,short,0.04,0.22,0.74,0.61
1783252800000,BTC,short,0.17,0.36,0.47,0.2
1783252800000,ETH,long,0.51,0.2,0.29,0.26
1783252800000,SOL,short,0.34,0.27,0.39,0.09
1783252800000,XRP,short,0.16,0.28,0.56,0.35
1783267200000,BTC,short,0.24,0.36,0.4,0.1
1783267200000,ETH,long,0.55,0.21,0.24,0.32
1783267200000,SOL,short,0.16,0.27,0.57,0.36
1783267200000,XRP,short,0.07,0.27,0.66,0.48
1783281600000,BTC,long,0.55,0.31,0.14,0.33
1783281600000,ETH,long,0.46,0.29,0.25,0.2
1783281600000,SOL,flat,0.36,0.37,0.27,0.06
1783281600000,XRP,long,0.55,0.28,0.17,0.33
1783296000000,BTC,short,0.29,0.33,0.38,0.08
1783296000000,ETH,short,0.28,0.31,0.41,0.11
1783296000000,SOL,short,0.16,0.28,0.5599999999999999,0.35
1783296000000,XRP,short,0.11,0.3,0.59,0.39
1783310400000,BTC,short,0.18,0.36,0.46,0.2
1783310400000,ETH,short,0.23,0.25,0.52,0.29
1783310400000,SOL,short,0.25,0.31,0.44,0.16
1783310400000,XRP,short,0.18,0.36,0.46,0.19
1783324800000,BTC,short,0.05,0.26,0.68,0.52
1783324800000,ETH,short,0.16,0.27,0.57,0.35
1783324800000,SOL,short,0.13,0.24,0.63,0.45
1783324800000,XRP,short,0.07,0.26,0.67,0.5
1783339200000,BTC,long,0.35,0.34,0.31,0.03
1783339200000,ETH,long,0.55,0.21,0.24,0.32
1783339200000,SOL,long,0.41000000000000003,0.32,0.27,0.1
1783339200000,XRP,short,0.17,0.35,0.48,0.22
1783353600000,BTC,long,0.45,0.33,0.22,0.17
1783353600000,ETH,long,0.37,0.29,0.34,0.05
1783353600000,SOL,long,0.55,0.26,0.19,0.33
1783353600000,XRP,flat,0.24,0.45,0.31,0.18
1783368000000,BTC,long,0.61,0.26,0.13,0.42
1783368000000,ETH,long,0.6,0.21,0.19,0.41
1783368000000,SOL,short,0.3,0.34,0.36,0.03
1783368000000,XRP,short,0.1,0.34,0.56,0.34
1783382400000,BTC,short,0.19,0.37,0.44,0.16
1783382400000,ETH,short,0.23,0.26,0.51,0.28
1783382400000,SOL,long,0.37,0.32,0.31,0.04
1783382400000,XRP,short,0.06,0.26,0.68,0.52
1783396800000,BTC,flat,0.2,0.4,0.4,0.1
1783396800000,ETH,short,0.22,0.28,0.5,0.25
1783396800000,SOL,long,0.54,0.23,0.23,0.31
1783396800000,XRP,short,0.07,0.29,0.64,0.45
1783411200000,BTC,long,0.38,0.33,0.29,0.07
1783411200000,ETH,long,0.64,0.2,0.16,0.47
1783411200000,SOL,flat,0.3,0.35,0.35,0.03
1783411200000,XRP,short,0.05,0.3,0.65,0.47
1783425600000,BTC,long,0.44,0.31,0.25,0.15
1783425600000,ETH,long,0.59,0.2,0.21,0.38
1783425600000,SOL,long,0.75,0.17,0.08,0.63
1783425600000,XRP,flat,0.21,0.46,0.33,0.2
1783440000000,BTC,short,0.29,0.34,0.37,0.05
1783440000000,ETH,short,0.21,0.23,0.56,0.33
1783440000000,SOL,short,0.15,0.22,0.63,0.45
1783440000000,XRP,short,0.06,0.24,0.7,0.56
1783454400000,BTC,flat,0.2,0.41,0.39,0.12
1783454400000,ETH,short,0.13,0.32,0.55,0.32
1783454400000,SOL,short,0.21,0.31,0.48,0.21
1783454400000,XRP,short,0.05,0.2,0.75,0.63
1783468800000,BTC,short,0.1,0.38,0.52,0.27
1783468800000,ETH,short,0.12,0.26,0.62,0.43
1783468800000,SOL,short,0.09,0.2,0.71,0.56
1783468800000,XRP,short,0.06,0.23,0.71,0.56
1783483200000,BTC,flat,0.21,0.42,0.37,0.13
1783483200000,ETH,long,0.4,0.26,0.34,0.1
1783483200000,SOL,short,0.09,0.21,0.7,0.55
1783483200000,XRP,short,0.1,0.33,0.57,0.36
1783497600000,BTC,short,0.07,0.29,0.64,0.46
1783497600000,ETH,short,0.18,0.27,0.55,0.32
1783497600000,SOL,short,0.1,0.16,0.74,0.62
1783497600000,XRP,short,0.06,0.17,0.77,0.65
1783512000000,BTC,short,0.1,0.28,0.62,0.43
1783512000000,ETH,short,0.14,0.22,0.64,0.47
1783512000000,SOL,short,0.09,0.15,0.76,0.65
1783512000000,XRP,short,0.05,0.18,0.77,0.66
1783526400000,BTC,short,0.18,0.38,0.44,0.16
1783526400000,ETH,short,0.35,0.3,0.35,0.03
1783526400000,SOL,short,0.21,0.3,0.49,0.23
1783526400000,XRP,long,0.44,0.26,0.3,0.17
1783540800000,BTC,short,0.09,0.41,0.5,0.24
1783540800000,ETH,flat,0.34,0.34,0.32,0.01
1783540800000,SOL,long,0.35,0.3,0.35,0.03
1783540800000,XRP,short,0.16,0.35,0.49,0.24
1783555200000,BTC,short,0.08,0.35,0.57,0.37
1783555200000,ETH,short,0.14,0.23,0.63,0.44
1783555200000,SOL,short,0.12,0.24,0.64,0.47
1783555200000,XRP,short,0.1,0.28,0.62,0.43
1783569600000,BTC,flat,0.33,0.38,0.29,0.07
1783569600000,ETH,long,0.68,0.2,0.12,0.51
1783569600000,SOL,long,0.45,0.3,0.25,0.17
1783569600000,XRP,long,0.47,0.29,0.24,0.21
1783584000000,BTC,short,0.19,0.4,0.41,0.11
1783584000000,ETH,short,0.21,0.28,0.51,0.27
1783584000000,SOL,short,0.19,0.23,0.58,0.38
1783584000000,XRP,short,0.2,0.34,0.46,0.19
1783598400000,BTC,flat,0.33,0.4,0.27,0.1
1783598400000,ETH,short,0.29,0.34,0.37,0.06
1783598400000,SOL,flat,0.26,0.37,0.37,0.06
1783598400000,XRP,short,0.06,0.26,0.6799999999999999,0.53
1783612800000,BTC,long,0.38,0.37,0.25,0.08
1783612800000,ETH,long,0.64,0.22,0.14,0.46
1783612800000,SOL,long,0.37,0.27,0.36,0.06
1783612800000,XRP,long,0.45,0.29,0.26,0.18
1783627200000,BTC,short,0.21,0.37,0.42,0.14
1783627200000,ETH,short,0.24,0.32,0.44,0.16
1783627200000,SOL,short,0.23,0.27,0.5,0.25
1783627200000,XRP,short,0.13,0.29,0.58,0.37
1783641600000,BTC,flat,0.34,0.38,0.28,0.06
1783641600000,ETH,long,0.79,0.14,0.07,0.68
1783641600000,SOL,long,0.52,0.29,0.19,0.27
1783641600000,XRP,flat,0.36,0.4,0.24,0.1
1783656000000,BTC,long,0.44,0.35,0.21,0.16
1783656000000,ETH,flat,0.27,0.37,0.36,0.06
1783656000000,SOL,short,0.21,0.29,0.5,0.25
1783656000000,XRP,flat,0.25,0.42,0.33,0.13
1783670400000,BTC,long,0.54,0.28,0.18,0.31
1783670400000,ETH,long,0.74,0.14,0.12,0.61
1783670400000,SOL,long,0.58,0.26,0.16,0.38
1783670400000,XRP,flat,0.4,0.43,0.17,0.15
1783684800000,BTC,flat,0.29,0.38,0.33,0.08
1783684800000,ETH,long,0.44,0.3,0.26,0.16
1783684800000,SOL,short,0.19,0.23,0.58,0.37
1783684800000,XRP,short,0.11,0.33,0.56,0.33
1783699200000,BTC,flat,0.25,0.39,0.36,0.09
1783699200000,ETH,long,0.62,0.26,0.12,0.43
1783699200000,SOL,short,0.15,0.22,0.63,0.44
1783699200000,XRP,flat,0.38,0.39,0.23,0.08
1783713600000,BTC,long,0.45,0.36,0.19,0.18
1783713600000,ETH,long,0.44,0.32,0.24,0.16
1783713600000,SOL,short,0.23,0.36,0.41000000000000003,0.11
1783713600000,XRP,flat,0.16,0.46,0.38,0.2
1783728000000,BTC,short,0.27,0.34,0.39,0.08
1783728000000,ETH,short,0.27,0.33,0.4,0.1
1783728000000,SOL,short,0.13,0.2,0.67,0.51
1783728000000,XRP,long,0.42,0.34,0.24,0.13
1783742400000,BTC,flat,0.37,0.45,0.18,0.18
1783742400000,ETH,long,0.45,0.3,0.25,0.18
1783742400000,SOL,short,0.34,0.31,0.35000000000000003,0.02
1783742400000,XRP,flat,0.16,0.63,0.21,0.43
1783756800000,BTC,long,0.41,0.39,0.2,0.12
1783756800000,ETH,long,0.58,0.26,0.16,0.36
1783756800000,SOL,long,0.4,0.29,0.31,0.09
1783756800000,XRP,long,0.45,0.29,0.26,0.17
1783771200000,BTC,short,0.14,0.31,0.55,0.33
1783771200000,ETH,long,0.85,0.09,0.06,0.77
1783771200000,SOL,long,0.58,0.24,0.18,0.37
1783771200000,XRP,long,0.5,0.33,0.17,0.25
1783785600000,BTC,long,0.43,0.39,0.18,0.14
1783785600000,ETH,long,0.87,0.07,0.06,0.8
1783785600000,SOL,short,0.16,0.34,0.5,0.25
1783785600000,XRP,long,0.47,0.32,0.21,0.2
1783800000000,BTC,short,0.2,0.38,0.42,0.13
1783800000000,ETH,short,0.21,0.29,0.5,0.24
1783800000000,SOL,short,0.11,0.16,0.73,0.59
1783800000000,XRP,short,0.08,0.26,0.66,0.49
1783814400000,BTC,flat,0.38,0.45,0.17,0.17
1783814400000,ETH,long,0.67,0.13,0.2,0.5
1783814400000,SOL,short,0.25,0.3,0.45,0.18
1783814400000,XRP,short,0.09,0.27,0.64,0.47
1783828800000,BTC,short,0.2,0.4,0.4,0.11
1783828800000,ETH,short,0.27,0.32,0.41,0.11
1783828800000,SOL,short,0.11,0.18,0.71,0.58
1783828800000,XRP,short,0.05,0.19,0.76,0.63
1783843200000,BTC,flat,0.24,0.4,0.36,0.1
1783843200000,ETH,long,0.66,0.2,0.14,0.48
1783843200000,SOL,long,0.38,0.26,0.36,0.08
1783843200000,XRP,short,0.25,0.3,0.45,0.18
1783857600000,BTC,flat,0.31,0.51,0.18,0.27
1783857600000,ETH,long,0.77,0.12,0.11,0.66
1783857600000,SOL,long,0.51,0.26,0.23,0.27
1783857600000,XRP,short,0.19,0.4,0.41,0.11
1783872000000,BTC,long,0.54,0.29,0.17,0.31
1783872000000,ETH,long,0.58,0.22,0.2,0.37
1783872000000,SOL,long,0.46,0.19,0.35,0.19
1783872000000,XRP,short,0.08,0.26,0.66,0.48
1783886400000,BTC,short,0.13,0.36,0.51,0.27
1783886400000,ETH,short,0.32,0.29,0.39,0.1
1783886400000,SOL,short,0.18,0.3,0.52,0.28
1783886400000,XRP,short,0.04,0.17,0.79,0.68
1783900800000,BTC,short,0.07,0.33,0.6,0.4
1783900800000,ETH,short,0.23,0.28,0.49,0.24
1783900800000,SOL,short,0.23,0.26,0.51,0.25
1783900800000,XRP,short,0.07,0.2,0.73,0.59
1783915200000,BTC,short,0.23,0.36,0.41,0.12
1783915200000,ETH,long,0.5,0.21,0.29,0.24
1783915200000,SOL,long,0.46,0.25,0.29,0.19
1783915200000,XRP,short,0.31,0.27,0.42,0.13
1783929600000,BTC,flat,0.18,0.43,0.39,0.14
1783929600000,ETH,short,0.23,0.34,0.43,0.15
1783929600000,SOL,short,0.19,0.32,0.49,0.24
1783929600000,XRP,short,0.07,0.19,0.74,0.61
1783944000000,BTC,short,0.13,0.35,0.52,0.29
1783944000000,ETH,short,0.3,0.32,0.38,0.07
1783944000000,SOL,short,0.17,0.23,0.6,0.41
1783944000000,XRP,short,0.06,0.17,0.77,0.65
1783958400000,BTC,short,0.16,0.34,0.5,0.25
1783958400000,ETH,flat,0.26,0.37,0.37,0.06
1783958400000,SOL,short,0.1,0.19,0.71,0.56
1783958400000,XRP,short,0.08,0.18,0.74,0.6
1783972800000,BTC,long,0.38,0.32,0.3,0.07
1783972800000,ETH,long,0.51,0.26,0.23,0.27
1783972800000,SOL,short,0.15,0.21,0.64,0.47
1783972800000,XRP,short,0.06,0.39,0.55,0.33
1783987200000,BTC,short,0.24,0.35,0.41,0.11
1783987200000,ETH,long,0.65,0.15,0.2,0.49
1783987200000,SOL,long,0.46,0.21,0.33,0.18
1783987200000,XRP,short,0.06,0.19,0.75,0.62
1784001600000,BTC,short,0.11,0.33,0.56,0.34
1784001600000,ETH,short,0.33,0.31,0.36,0.04
1784001600000,SOL,short,0.12,0.17,0.71,0.57
1784001600000,XRP,short,0.27,0.26,0.47,0.2
1784016000000,BTC,short,0.22,0.36,0.42,0.13
1784016000000,ETH,long,0.66,0.1,0.24,0.48
1784016000000,SOL,short,0.36,0.21,0.43,0.16
1784016000000,XRP,short,0.21,0.31,0.48,0.22
1784030400000,BTC,flat,0.35,0.35,0.3,0.04
1784030400000,ETH,long,0.62,0.16,0.22,0.43
1784030400000,SOL,long,0.52,0.26,0.22,0.28
1784030400000,XRP,long,0.52,0.32,0.16,0.27
1784044800000,BTC,short,0.28,0.35,0.37,0.05
1784044800000,ETH,long,0.5599999999999999,0.24,0.2,0.35
1784044800000,SOL,short,0.25,0.34,0.41,0.11
1784044800000,XRP,long,0.48,0.29,0.23,0.23
1784059200000,BTC,long,0.59,0.25,0.16,0.38
1784059200000,ETH,long,0.66,0.14,0.2,0.49
1784059200000,SOL,long,0.68,0.17,0.15,0.51
1784059200000,XRP,flat,0.17,0.45,0.38,0.18
1784073600000,BTC,short,0.23,0.37,0.4,0.1
1784073600000,ETH,short,0.18,0.28,0.54,0.31
1784073600000,SOL,long,0.44,0.38,0.18,0.16
1784073600000,XRP,short,0.19,0.31,0.5,0.24
1784088000000,BTC,short,0.14,0.37,0.49,0.23
1784088000000,ETH,short,0.22,0.26,0.52,0.27
1784088000000,SOL,short,0.27,0.34,0.39,0.09
1784088000000,XRP,flat,0.22,0.42,0.36,0.13
1784102400000,BTC,flat,0.21,0.41,0.38,0.11
1784102400000,ETH,long,0.51,0.22,0.27,0.26
1784102400000,SOL,flat,0.3,0.51,0.19,0.27
1784102400000,XRP,flat,0.31,0.39,0.3,0.09
1784116800000,BTC,long,0.51,0.31,0.18,0.26
1784116800000,ETH,long,0.78,0.11,0.11,0.67
1784116800000,SOL,flat,0.42,0.43,0.15,0.14
1784116800000,XRP,long,0.68,0.2,0.12,0.52
1784131200000,BTC,short,0.22,0.34,0.44,0.16
1784131200000,ETH,long,0.43,0.28,0.29,0.15
1784131200000,SOL,short,0.11,0.37,0.52,0.28
1784131200000,XRP,short,0.09,0.22,0.69,0.53
1784145600000,BTC,short,0.1,0.37,0.53,0.29
1784145600000,ETH,short,0.28,0.24,0.48,0.22
1784145600000,SOL,flat,0.25,0.45,0.3,0.17
1784145600000,XRP,flat,0.35,0.38,0.27,0.07
1784160000000,BTC,short,0.08,0.35,0.57,0.36
1784160000000,ETH,long,0.69,0.12,0.19,0.53
1784160000000,SOL,short,0.08,0.29,0.63,0.43
1784160000000,XRP,flat,0.23,0.46,0.31,0.19
1784174400000,BTC,short,0.1,0.36,0.54,0.32
1784174400000,ETH,short,0.24,0.21,0.55,0.32
1784174400000,SOL,short,0.1,0.26,0.64,0.47
1784174400000,XRP,short,0.12,0.33,0.55,0.34
1784188800000,BTC,flat,0.3,0.43,0.27,0.15
1784188800000,ETH,short,0.13,0.22,0.65,0.48
1784188800000,SOL,short,0.11,0.37,0.52,0.27
1784188800000,XRP,flat,0.28,0.38,0.34,0.08
1784203200000,BTC,long,0.43,0.35,0.22,0.15
1784203200000,ETH,short,0.21,0.23,0.56,0.34
1784203200000,SOL,long,0.44,0.33,0.23,0.16
1784203200000,XRP,long,0.43,0.33,0.24,0.14
1784217600000,BTC,short,0.16,0.37,0.47,0.21
1784217600000,ETH,short,0.21,0.28,0.51,0.26
1784217600000,SOL,short,0.11,0.25,0.64,0.45
1784217600000,XRP,short,0.09,0.22,0.69,0.54
1784232000000,BTC,short,0.15,0.33,0.52,0.27
1784232000000,ETH,short,0.23,0.19,0.58,0.38
1784232000000,SOL,short,0.11,0.22,0.67,0.51
1784232000000,XRP,short,0.07,0.2,0.73,0.59
1784246400000,BTC,short,0.15,0.34,0.51,0.27
1784246400000,ETH,short,0.13,0.2,0.67,0.51
1784246400000,SOL,short,0.09,0.25,0.66,0.5
1784246400000,XRP,short,0.28,0.28,0.44,0.16
1784260800000,BTC,short,0.13,0.25,0.62,0.43
1784260800000,ETH,short,0.23,0.23,0.54,0.31
1784260800000,SOL,short,0.13,0.23,0.64,0.46
1784260800000,XRP,short,0.09,0.19,0.72,0.59
1784275200000,BTC,long,0.42,0.33,0.25,0.13
1784275200000,ETH,long,0.53,0.21,0.26,0.29
1784275200000,SOL,short,0.25,0.31,0.44,0.16
1784275200000,XRP,short,0.13,0.28,0.59,0.38
1784289600000,BTC,long,0.38,0.28,0.34,0.06
1784289600000,ETH,short,0.19,0.23,0.58,0.38
1784289600000,SOL,short,0.13,0.23,0.64,0.46
1784289600000,XRP,short,0.09,0.2,0.71,0.56
1784304000000,BTC,flat,0.34,0.4,0.26,0.1
1784304000000,ETH,long,0.44,0.26,0.3,0.16
1784304000000,SOL,flat,0.34,0.4,0.26,0.1
1784304000000,XRP,long,0.4,0.3,0.3,0.11
1784318400000,BTC,short,0.2,0.35,0.45,0.18
1784318400000,ETH,short,0.23,0.29,0.48,0.21
1784318400000,SOL,short,0.21,0.38,0.41,0.12
1784318400000,XRP,short,0.13,0.26,0.61,0.41
1784332800000,BTC,flat,0.28,0.42,0.3,0.13
1784332800000,ETH,long,0.47,0.27,0.26,0.22
1784332800000,SOL,long,0.52,0.26,0.22,0.27
1784332800000,XRP,short,0.2,0.31,0.49,0.23
1784347200000,BTC,flat,0.19,0.43,0.38,0.13
1784347200000,ETH,short,0.15,0.28,0.57,0.36
1784347200000,SOL,short,0.15,0.3,0.55,0.32
1784347200000,XRP,short,0.1,0.31,0.59,0.38
1784361600000,BTC,long,0.41,0.34,0.25,0.11
1784361600000,ETH,long,0.56,0.25,0.19,0.34
1784361600000,SOL,flat,0.12,0.49,0.39,0.22
1784361600000,XRP,flat,0.06,0.56,0.38,0.33
1784376000000,BTC,long,0.48,0.29,0.23,0.22
1784376000000,ETH,short,0.14,0.29,0.57,0.36
1784376000000,SOL,flat,0.21,0.52,0.27,0.28
1784376000000,XRP,short,0.05,0.27,0.68,0.52
1784390400000,BTC,long,0.42,0.27,0.31,0.13
1784390400000,ETH,long,0.78,0.08,0.14,0.66
1784390400000,SOL,long,0.45,0.31,0.24,0.18
1784390400000,XRP,long,0.36,0.33,0.31,0.04
1784404800000,BTC,long,0.4,0.31,0.29,0.09
1784404800000,ETH,long,0.62,0.23,0.15,0.44
1784404800000,SOL,long,0.48,0.38,0.14,0.21
1784404800000,XRP,short,0.14,0.38,0.48,0.22
1784419200000,BTC,short,0.18,0.36,0.46,0.19
1784419200000,ETH,long,0.59,0.21,0.2,0.37
1784419200000,SOL,long,0.63,0.27,0.1,0.44
1784419200000,XRP,flat,0.29,0.4,0.31,0.1
1784433600000,BTC,flat,0.28,0.44,0.28,0.15
1784433600000,ETH,long,0.58,0.27,0.15,0.36
1784433600000,SOL,long,0.55,0.29,0.16,0.33
1784433600000,XRP,flat,0.27,0.5,0.23,0.26
1784448000000,BTC,short,0.16,0.36,0.48,0.21
1784448000000,ETH,long,0.57,0.28,0.15,0.37
1784448000000,SOL,flat,0.32,0.46,0.22,0.19
1784448000000,XRP,flat,0.29,0.48,0.23,0.21
1784462400000,BTC,long,0.38,0.34,0.28,0.06
1784462400000,ETH,long,0.39,0.29,0.32,0.09
1784462400000,SOL,long,0.57,0.3,0.13,0.35
1784462400000,XRP,flat,0.35,0.37,0.28,0.06
1784476800000,BTC,short,0.22,0.34,0.44,0.17
1784476800000,ETH,short,0.25,0.27,0.48,0.22
1784476800000,SOL,short,0.26,0.3,0.44,0.15
1784476800000,XRP,short,0.09,0.33,0.58,0.37
1784491200000,BTC,flat,0.22,0.41,0.37,0.12
1784491200000,ETH,long,0.71,0.14,0.15,0.57
1784491200000,SOL,long,0.63,0.22,0.15,0.44
1784491200000,XRP,flat,0.25,0.42,0.33,0.14
1784505600000,BTC,long,0.39,0.34,0.27,0.09
1784505600000,ETH,long,0.64,0.16,0.2,0.46
1784505600000,SOL,long,0.6,0.26,0.14,0.4
1784505600000,XRP,flat,0.28,0.41000000000000003,0.31,0.1
1784520000000,BTC,short,0.11,0.33,0.56,0.34
1784520000000,ETH,short,0.19,0.25,0.56,0.33
1784520000000,SOL,flat,0.28,0.41,0.31,0.11
1784520000000,XRP,short,0.06,0.22,0.72,0.58
1784534400000,BTC,flat,0.31,0.37,0.32,0.05
1784534400000,ETH,long,0.62,0.15,0.23,0.42
1784534400000,SOL,long,0.62,0.28,0.1,0.43
1784534400000,XRP,long,0.37,0.37,0.26,0.06
1784548800000,BTC,long,0.38,0.32,0.3,0.07
1784548800000,ETH,long,0.68,0.17,0.15,0.52
1784548800000,SOL,long,0.7,0.23,0.07,0.54
1784548800000,XRP,flat,0.34,0.41,0.25,0.12
1784563200000,BTC,short,0.16,0.34,0.5,0.25
1784563200000,ETH,short,0.3,0.34,0.36,0.04
1784563200000,SOL,flat,0.38,0.4,0.22,0.09
1784563200000,XRP,long,0.47,0.34,0.19,0.21
1784577600000,BTC,long,0.38,0.34,0.28,0.07
1784577600000,ETH,long,0.73,0.16,0.11,0.59
1784577600000,SOL,long,0.71,0.23,0.06,0.57
1784577600000,XRP,short,0.14,0.37,0.49,0.24
1784592000000,BTC,long,0.38,0.36,0.26,0.08
1784592000000,ETH,long,0.72,0.17,0.11,0.58
1784592000000,SOL,long,0.72,0.23,0.05,0.59
1784592000000,XRP,long,0.52,0.31,0.17,0.28
1784606400000,BTC,long,0.5,0.29,0.21,0.25
1784606400000,ETH,long,0.77,0.16,0.07,0.65
1784606400000,SOL,long,0.77,0.18,0.05,0.67
1784606400000,XRP,long,0.67,0.2,0.13,0.51
1784620800000,BTC,long,0.47,0.31,0.22,0.22
1784620800000,ETH,long,0.73,0.15,0.12,0.59
1784620800000,SOL,short,0.25,0.31,0.44,0.16
1784620800000,XRP,long,0.46,0.39,0.15,0.18
1784635200000,BTC,long,0.66,0.19,0.15,0.49
1784635200000,ETH,short,0.21,0.34,0.45,0.17
1784635200000,SOL,short,0.17,0.37,0.46,0.2
1784635200000,XRP,long,0.74,0.13,0.13,0.62
1784649600000,BTC,short,0.12,0.32,0.56,0.34
1784649600000,ETH,short,0.1,0.27,0.63,0.44
1784649600000,SOL,short,0.15,0.38,0.47,0.21
1784649600000,XRP,long,0.62,0.19,0.19,0.43
1784664000000,BTC,long,0.61,0.22,0.17,0.41
1784664000000,ETH,long,0.63,0.14,0.23,0.45
1784664000000,SOL,long,0.38,0.36,0.26,0.07
1784664000000,XRP,short,0.12,0.27,0.61,0.42
1784678400000,BTC,short,0.14,0.26,0.6,0.4
1784678400000,ETH,short,0.2,0.37,0.43,0.15
1784678400000,SOL,short,0.08,0.36,0.56,0.34
1784678400000,XRP,short,0.14,0.23,0.63,0.45
1784692800000,BTC,short,0.16,0.31,0.53,0.29
1784692800000,ETH,short,0.11,0.26,0.63,0.44
1784692800000,SOL,short,0.06,0.17,0.77,0.66
1784692800000,XRP,short,0.09,0.24,0.67,0.5
1784707200000,BTC,short,0.21,0.24,0.55,0.32
1784707200000,ETH,long,0.5,0.2,0.3,0.25
1784707200000,SOL,short,0.16,0.32,0.52,0.29
1784707200000,XRP,long,0.41,0.24,0.35,0.12
1784721600000,BTC,short,0.22,0.25,0.53,0.3
1784721600000,ETH,long,0.68,0.14,0.18,0.52
1784721600000,SOL,long,0.67,0.2,0.13,0.5
1784721600000,XRP,long,0.49,0.22,0.29,0.22
1784736000000,BTC,short,0.18,0.32,0.5,0.25
1784736000000,ETH,short,0.17,0.28,0.55,0.32
1784736000000,SOL,short,0.13,0.32,0.55,0.32
1784736000000,XRP,short,0.07,0.27,0.66,0.49
1784750400000,BTC,short,0.23,0.3,0.47,0.2
1784750400000,ETH,long,0.48,0.24,0.28,0.22
1784750400000,SOL,short,0.28,0.33,0.39,0.09
1784750400000,XRP,short,0.34,0.3,0.36,0.04
1784764800000,BTC,short,0.08,0.24,0.68,0.51
1784764800000,ETH,short,0.13,0.29,0.58,0.37
1784764800000,SOL,short,0.18,0.35,0.47,0.2
1784764800000,XRP,short,0.07,0.25,0.68,0.51
1784779200000,BTC,short,0.09,0.3,0.61,0.42
1784779200000,ETH,short,0.13,0.3,0.57,0.35
1784779200000,SOL,short,0.13,0.29,0.58,0.36
1784779200000,XRP,short,0.1,0.37,0.53,0.29
1784793600000,BTC,short,0.14,0.25,0.61,0.41
1784793600000,ETH,long,0.47,0.22,0.31,0.21
1784793600000,SOL,short,0.34,0.3,0.36,0.04
1784793600000,XRP,short,0.06,0.29,0.65,0.46
1784808000000,BTC,short,0.1,0.35,0.55,0.32
1784808000000,ETH,short,0.11,0.27,0.62,0.43
1784808000000,SOL,short,0.09,0.23,0.68,0.52
1784808000000,XRP,short,0.06,0.22,0.72,0.58
1784822400000,BTC,short,0.2,0.36,0.44,0.16
1784822400000,ETH,short,0.1,0.24,0.66,0.49
1784822400000,SOL,short,0.07,0.24,0.69,0.54
1784822400000,XRP,short,0.09,0.3,0.61,0.42
1784836800000,BTC,short,0.24,0.32,0.44,0.17
1784836800000,ETH,short,0.29,0.35,0.36,0.03
1784836800000,SOL,short,0.27,0.35,0.38,0.06
1784836800000,XRP,short,0.24,0.28,0.48,0.22
1784851200000,BTC,short,0.2,0.33,0.47,0.22
1784851200000,ETH,flat,0.32,0.33999999999999997,0.34,0.02
1784851200000,SOL,short,0.1,0.36,0.54,0.31
1784851200000,XRP,short,0.22,0.3,0.48,0.22
1784865600000,BTC,short,0.26,0.27,0.47,0.2
1784865600000,ETH,long,0.51,0.24,0.25,0.27
1784865600000,SOL,long,0.4,0.35,0.25,0.1
1784865600000,XRP,short,0.27,0.35,0.38,0.06
1784880000000,BTC,short,0.12,0.37,0.51,0.27
1784880000000,ETH,short,0.14,0.22,0.64,0.45
1784880000000,SOL,short,0.05,0.21,0.74,0.6
1784880000000,XRP,short,0.06,0.25,0.69,0.53
1784894400000,BTC,short,0.08,0.3,0.62,0.43
1784894400000,ETH,short,0.07,0.23,0.7,0.55
1784894400000,SOL,short,0.06,0.17,0.77,0.65
1784894400000,XRP,short,0.08,0.27,0.65,0.48
1784908800000,BTC,short,0.23,0.32,0.45,0.17
1784908800000,ETH,flat,0.32,0.33999999999999997,0.34,0.02
1784908800000,SOL,short,0.1,0.2,0.7,0.56
1784908800000,XRP,short,0.04,0.27,0.69,0.54
1784923200000,BTC,short,0.11,0.34,0.55,0.32
1784923200000,ETH,short,0.15,0.33,0.52,0.28
1784923200000,SOL,short,0.09,0.23,0.68,0.51
1784923200000,XRP,flat,0.29,0.39,0.32,0.09
1784937600000,BTC,short,0.09,0.35,0.5599999999999999,0.35
1784937600000,ETH,short,0.13,0.33,0.54,0.32
1784937600000,SOL,short,0.29,0.29,0.42,0.14
1784937600000,XRP,short,0.11,0.42,0.47,0.21
1784952000000,BTC,short,0.11,0.37,0.52,0.29
1784952000000,ETH,short,0.11,0.33,0.56,0.34
1784952000000,SOL,short,0.05,0.16,0.79,0.67
1784952000000,XRP,short,0.07,0.32,0.61,0.42
1784966400000,BTC,short,0.22,0.38,0.4,0.09
1784966400000,ETH,long,0.44,0.28,0.28,0.15
1784966400000,SOL,short,0.25,0.31,0.44,0.17
1784966400000,XRP,long,0.36,0.33,0.31,0.03
1784980800000,BTC,short,0.26,0.36,0.38,0.07
1784980800000,ETH,long,0.72,0.12,0.16,0.58
1784980800000,SOL,short,0.31,0.3,0.39,0.09
1784980800000,XRP,long,0.64,0.22,0.14,0.46
1784995200000,BTC,flat,0.31,0.36,0.33,0.04
1784995200000,ETH,long,0.72,0.13,0.15,0.58
1784995200000,SOL,long,0.67,0.19,0.14,0.5
1784995200000,XRP,long,0.62,0.28,0.1,0.44
1785009600000,BTC,short,0.1,0.27,0.63,0.43
1785009600000,ETH,flat,0.36,0.4,0.24,0.1
1785009600000,SOL,short,0.18,0.25,0.57,0.35
1785009600000,XRP,short,0.25,0.33,0.42,0.14
1785024000000,BTC,flat,0.27,0.38,0.35,0.06
1785024000000,ETH,long,0.71,0.16,0.13,0.57
1785024000000,SOL,long,0.54,0.27,0.19,0.31
1785024000000,XRP,long,0.55,0.33,0.12,0.33
1785038400000,BTC,short,0.15,0.35,0.5,0.25
1785038400000,ETH,long,0.38,0.36,0.26,0.07
1785038400000,SOL,flat,0.26,0.38,0.36,0.07
1785038400000,XRP,flat,0.23,0.44,0.33,0.15
1785052800000,BTC,flat,0.33,0.33999999999999997,0.33,0.02
1785052800000,ETH,long,0.66,0.18,0.16,0.49
1785052800000,SOL,long,0.35,0.34,0.31,0.04
1785052800000,XRP,long,0.39999999999999997,0.4,0.2,0.11
1785067200000,BTC,short,0.29,0.32,0.39,0.09
1785067200000,ETH,long,0.74,0.13,0.13,0.62
1785067200000,SOL,long,0.54,0.33,0.13,0.31
1785067200000,XRP,long,0.46,0.4,0.14,0.18
1785081600000,BTC,short,0.18,0.27,0.55,0.32
1785081600000,ETH,long,0.38,0.32,0.3,0.07
1785081600000,SOL,short,0.19,0.24,0.57,0.36
1785081600000,XRP,short,0.13,0.35,0.52,0.27
1785096000000,BTC,flat,0.33,0.36,0.31,0.04
1785096000000,ETH,long,0.77,0.11,0.12,0.66
1785096000000,SOL,long,0.58,0.3,0.12,0.37
1785096000000,XRP,long,0.45,0.42,0.13,0.18
1785110400000,BTC,short,0.18,0.35,0.47,0.2
1785110400000,ETH,short,0.29,0.27,0.44,0.15
1785110400000,SOL,short,0.12,0.25,0.63,0.46
1785110400000,XRP,short,0.11,0.35,0.54,0.31
1785124800000,BTC,short,0.13,0.3,0.57,0.36
1785124800000,ETH,long,0.77,0.11,0.12,0.65
1785124800000,SOL,flat,0.33,0.42,0.25,0.13
1785124800000,XRP,flat,0.29,0.55,0.16,0.33
1785139200000,BTC,short,0.21,0.35,0.44,0.16
1785139200000,ETH,short,0.27,0.3,0.43,0.15
1785139200000,SOL,long,0.42,0.38,0.2,0.14
1785139200000,XRP,short,0.17,0.39,0.44,0.17
1785153600000,BTC,short,0.23,0.32,0.45,0.18
1785153600000,ETH,short,0.22,0.24,0.54,0.31
1785153600000,SOL,short,0.13,0.24,0.63,0.45
1785153600000,XRP,short,0.07,0.26,0.67,0.52
1785168000000,BTC,flat,0.37,0.38,0.25,0.07
1785168000000,ETH,long,0.55,0.13,0.32,0.33
1785168000000,SOL,long,0.36,0.33,0.31,0.03
1785168000000,XRP,short,0.2,0.38,0.42,0.13
1785182400000,BTC,short,0.11,0.33,0.56,0.34
1785182400000,ETH,short,0.18,0.24,0.58,0.37
1785182400000,SOL,short,0.1,0.21,0.69,0.54
1785182400000,XRP,short,0.09,0.27,0.64,0.45
1785196800000,BTC,short,0.11,0.27,0.62,0.42
1785196800000,ETH,short,0.23,0.25,0.52,0.28
1785196800000,SOL,short,0.09,0.15,0.76,0.64
1785196800000,XRP,short,0.08,0.2,0.72,0.57
1785211200000,BTC,long,0.37,0.35,0.28,0.05
1785211200000,ETH,long,0.48,0.28,0.24,0.23
1785211200000,SOL,short,0.16,0.35,0.49,0.24
1785211200000,XRP,short,0.06,0.23,0.71,0.56
1785225600000,BTC,short,0.2,0.37,0.43,0.13
1785225600000,ETH,short,0.21,0.32,0.47,0.21
1785225600000,SOL,short,0.11,0.27,0.62,0.43
1785225600000,XRP,short,0.06,0.21,0.73,0.59
1785240000000,BTC,long,0.61,0.26,0.13,0.42
1785240000000,ETH,long,0.69,0.14,0.17,0.53
1785240000000,SOL,long,0.47,0.31,0.22,0.2
1785240000000,XRP,long,0.55,0.25,0.2,0.33
1785254400000,BTC,short,0.15,0.31,0.54,0.31
1785254400000,ETH,long,0.55,0.25,0.2,0.32
1785254400000,SOL,short,0.21,0.36,0.43,0.14
1785254400000,XRP,short,0.2,0.26,0.54,0.31
1785268800000,BTC,long,0.56,0.28,0.16,0.34
1785268800000,ETH,long,0.5,0.35,0.15,0.26
1785268800000,SOL,short,0.12,0.24,0.64,0.47
1785268800000,XRP,long,0.65,0.21,0.14,0.47
1785283200000,BTC,flat,0.25,0.39999999999999997,0.35,0.11
1785283200000,ETH,short,0.25,0.26,0.49,0.22
1785283200000,SOL,short,0.07,0.24,0.69,0.54
1785283200000,XRP,long,0.54,0.31,0.15,0.3
1785297600000,BTC,long,0.46,0.35,0.19,0.19
1785297600000,ETH,long,0.74,0.11,0.15,0.62
1785297600000,SOL,long,0.39,0.28,0.33,0.09
1785297600000,XRP,long,0.75,0.17,0.08,0.63
1785312000000,BTC,flat,0.24,0.4,0.36,0.09
1785312000000,ETH,short,0.28,0.34,0.38,0.08
1785312000000,SOL,short,0.14,0.28,0.58,0.37
1785312000000,XRP,short,0.25,0.3,0.45,0.18
1785326400000,BTC,flat,0.3,0.37,0.33,0.06
1785326400000,ETH,short,0.16,0.27,0.57,0.35
1785326400000,SOL,short,0.07,0.19,0.74,0.61
1785326400000,XRP,short,0.11,0.3,0.59,0.38
1785340800000,BTC,short,0.17,0.38,0.45,0.18
1785340800000,ETH,flat,0.27,0.37,0.36,0.05
1785340800000,SOL,short,0.09,0.15,0.76,0.65
1785340800000,XRP,flat,0.33,0.34,0.33,0.01
1785355200000,BTC,long,0.47,0.34,0.19,0.2
1785355200000,ETH,long,0.62,0.22,0.16,0.44
1785355200000,SOL,short,0.35,0.29,0.36,0.04
1785355200000,XRP,long,0.43,0.34,0.23,0.15
1785369600000,BTC,long,0.46,0.36,0.18,0.19
1785369600000,ETH,long,0.39999999999999997,0.29,0.31,0.11
1785369600000,SOL,short,0.31,0.3,0.39,0.08
1785369600000,XRP,long,0.47000000000000003,0.36,0.17,0.2
1785384000000,BTC,flat,0.23,0.42,0.35,0.13
1785384000000,ETH,short,0.31,0.3,0.39,0.09
1785384000000,SOL,short,0.14,0.21,0.65,0.49
1785384000000,XRP,long,0.37,0.36,0.27,0.05
1785398400000,BTC,long,0.52,0.31,0.17,0.29
1785398400000,ETH,long,0.73,0.17,0.1,0.6
1785398400000,SOL,long,0.45,0.26,0.29,0.17
1785398400000,XRP,long,0.54,0.31,0.15,0.31
1785412800000,BTC,short,0.15,0.34,0.51,0.26
1785412800000,ETH,short,0.19,0.25,0.5599999999999999,0.35
1785412800000,SOL,long,0.5,0.26,0.24,0.24
1785412800000,XRP,long,0.63,0.27,0.1,0.45
1785427200000,BTC,long,0.48,0.37,0.15,0.21
1785427200000,ETH,long,0.72,0.18,0.1,0.58
1785427200000,SOL,long,0.44,0.37,0.19,0.16
1785427200000,XRP,flat,0.26,0.41,0.33,0.12
1785441600000,BTC,flat,0.19,0.42,0.39,0.14
1785441600000,ETH,short,0.21,0.33,0.46,0.19
1785441600000,SOL,short,0.2,0.35,0.45,0.17
1785441600000,XRP,short,0.16,0.31,0.53,0.29
1785456000000,BTC,short,0.16,0.38,0.45999999999999996,0.2
1785456000000,ETH,short,0.24,0.31,0.45,0.18
1785456000000,SOL,short,0.14,0.28,0.58,0.38
1785456000000,XRP,flat,0.28,0.38,0.34,0.07
1785470400000,BTC,flat,0.16,0.44,0.4,0.16
1785470400000,ETH,short,0.19,0.3,0.51,0.27
1785470400000,SOL,short,0.1,0.23,0.67,0.51
1785470400000,XRP,flat,0.27,0.41,0.32,0.12
1785484800000,BTC,short,0.15,0.38,0.47,0.2
1785484800000,ETH,short,0.18,0.34,0.48,0.22
1785484800000,SOL,short,0.12,0.27,0.61,0.42
1785484800000,XRP,short,0.12,0.27,0.61,0.42
1785499200000,BTC,short,0.08,0.28,0.64,0.47
1785499200000,ETH,short,0.27,0.27,0.46,0.2
1785499200000,SOL,short,0.06,0.19,0.75,0.63
1785499200000,XRP,short,0.04,0.27,0.69,0.53
1785513600000,BTC,flat,0.22,0.39,0.39,0.09
1785513600000,ETH,long,0.4,0.36,0.24,0.1
1785513600000,SOL,short,0.07,0.29,0.64,0.46
1785513600000,XRP,flat,0.2,0.4,0.4,0.1
1785528000000,BTC,short,0.1,0.35,0.55,0.32
1785528000000,ETH,short,0.19,0.3,0.51,0.28
1785528000000,SOL,short,0.09,0.18,0.73,0.59
1785528000000,XRP,short,0.16,0.4,0.44,0.15
1785542400000,BTC,short,0.27,0.36,0.37,0.05
1785542400000,ETH,long,0.53,0.28,0.19,0.3
1785542400000,SOL,short,0.26,0.25,0.49,0.24
1785542400000,XRP,long,0.44,0.33,0.23,0.17
1785556800000,BTC,long,0.38,0.36,0.26,0.08
1785556800000,ETH,flat,0.36,0.45,0.19,0.17
1785556800000,SOL,short,0.11,0.27,0.62,0.43
1785556800000,XRP,short,0.09,0.3,0.61,0.42
1785571200000,BTC,long,0.48,0.3,0.22,0.22
1785571200000,ETH,short,0.13,0.35,0.52,0.28
1785571200000,SOL,short,0.07,0.2,0.73,0.61
1785571200000,XRP,short,0.3,0.32,0.38,0.06
1785585600000,BTC,short,0.15,0.41,0.44,0.16
1785585600000,ETH,long,0.67,0.23,0.1,0.51
1785585600000,SOL,short,0.06,0.19,0.75,0.63
1785585600000,XRP,short,0.08,0.32,0.6,0.39
1785600000000,BTC,short,0.13,0.32,0.55,0.32
1785600000000,ETH,short,0.16,0.31,0.53,0.3
1785600000000,SOL,short,0.08,0.13,0.79,0.69
1785600000000,XRP,short,0.04,0.25,0.71,0.57
1785614400000,BTC,short,0.3,0.35,0.35,0.03
1785614400000,ETH,long,0.51,0.28,0.21,0.27
1785614400000,SOL,short,0.36,0.23,0.41,0.12
1785614400000,XRP,short,0.35,0.29,0.36,0.04
1785628800000,BTC,long,0.42,0.33,0.25,0.13
1785628800000,ETH,long,0.77,0.14,0.09,0.66
1785628800000,SOL,long,0.5,0.22,0.28,0.26
1785628800000,XRP,long,0.64,0.25,0.11,0.47
1785643200000,BTC,flat,0.34,0.34,0.32,0.01
1785643200000,ETH,short,0.29,0.26,0.45,0.18
1785643200000,SOL,long,0.56,0.2,0.24,0.34
1785643200000,XRP,long,0.71,0.19,0.1,0.57
1785657600000,BTC,short,0.2,0.4,0.4,0.1
1785657600000,ETH,short,0.18,0.24,0.58,0.37
1785657600000,SOL,short,0.16,0.27,0.57,0.36
1785657600000,XRP,long,0.41,0.39,0.2,0.13
1785672000000,BTC,flat,0.33,0.4,0.27,0.1
1785672000000,ETH,long,0.36,0.33,0.31,0.03
1785672000000,SOL,short,0.27,0.36,0.37,0.05
1785672000000,XRP,long,0.48,0.34,0.18,0.22
1785686400000,BTC,flat,0.33,0.43,0.24,0.13
1785686400000,ETH,long,0.79,0.14,0.07,0.68
1785686400000,SOL,long,0.59,0.21,0.2,0.39
1785686400000,XRP,long,0.48,0.36,0.16,0.22
1785700800000,BTC,flat,0.4,0.44,0.16,0.16
1785700800000,ETH,long,0.67,0.26,0.07,0.5
1785700800000,SOL,short,0.2,0.33,0.47,0.21
1785700800000,XRP,long,0.73,0.21,0.06,0.6
1785715200000,BTC,short,0.09,0.34,0.56,0.35
1785715200000,ETH,short,0.21,0.3,0.49,0.24
1785715200000,SOL,short,0.12,0.26,0.62,0.43
1785715200000,XRP,short,0.17,0.33,0.5,0.24
1785729600000,BTC,short,0.14,0.34,0.52,0.28
1785729600000,ETH,short,0.13,0.25,0.62,0.42
1785729600000,SOL,short,0.09,0.19,0.72,0.57
1785729600000,XRP,short,0.15,0.36,0.49,0.24
1785744000000,BTC,short,0.13,0.35,0.52,0.28
1785744000000,ETH,short,0.14,0.24,0.62,0.42
1785744000000,SOL,short,0.07,0.23,0.7,0.55
1785744000000,XRP,short,0.06,0.22,0.72,0.58
1785758400000,BTC,long,0.61,0.29,0.1,0.42
1785758400000,ETH,long,0.62,0.28,0.1,0.42
1785758400000,SOL,long,0.53,0.24,0.23,0.29
1785758400000,XRP,long,0.47,0.32,0.21,0.21
1785772800000,BTC,long,0.48,0.35,0.17,0.23
1785772800000,ETH,long,0.48,0.28,0.24,0.21
1785772800000,SOL,long,0.57,0.23,0.2,0.36
1785772800000,XRP,short,0.11,0.41,0.48,0.21
1785787200000,BTC,flat,0.22,0.41,0.37,0.12
1785787200000,ETH,short,0.19,0.31,0.5,0.25
1785787200000,SOL,short,0.13,0.28,0.59,0.39
1785787200000,XRP,short,0.21,0.39,0.4,0.09
1785801600000,BTC,flat,0.32,0.44,0.24,0.16
1785801600000,ETH,long,0.44,0.4,0.16,0.16
1785801600000,SOL,flat,0.31,0.38,0.31,0.06
1785801600000,XRP,flat,0.31,0.43,0.26,0.15
1785816000000,BTC,flat,0.22,0.44,0.34,0.16
1785816000000,ETH,flat,0.29,0.43,0.28,0.14
1785816000000,SOL,short,0.2,0.39,0.41,0.11
1785816000000,XRP,flat,0.35,0.4,0.25,0.09
1785830400000,BTC,flat,0.32,0.51,0.17,0.27
1785830400000,ETH,long,0.69,0.24,0.07,0.53
1785830400000,SOL,long,0.42,0.27,0.31,0.14
1785830400000,XRP,flat,0.25,0.47,0.28,0.21
1785844800000,BTC,long,0.53,0.34,0.13,0.29
1785844800000,ETH,long,0.61,0.29,0.1,0.43
1785844800000,SOL,long,0.4,0.3,0.3,0.09
1785844800000,XRP,short,0.1,0.45,0.45,0.17
1785859200000,BTC,long,0.56,0.26,0.17,0.34
1785859200000,ETH,long,0.69,0.23,0.08,0.54
1785859200000,SOL,long,0.39999999999999997,0.29,0.31,0.11
1785859200000,XRP,flat,0.26,0.43,0.31,0.15
1785873600000,BTC,flat,0.32,0.37,0.31,0.05
1785873600000,ETH,short,0.17,0.35,0.48,0.21
1785873600000,SOL,short,0.1,0.27,0.63,0.44
1785873600000,XRP,short,0.11,0.35,0.54,0.32
1785888000000,BTC,long,0.66,0.21,0.13,0.5
1785888000000,ETH,short,0.21,0.34,0.45,0.19
1785888000000,SOL,long,0.43,0.32,0.25,0.14
1785888000000,XRP,short,0.04,0.21,0.75,0.62
1785902400000,BTC,short,0.15,0.35,0.5,0.24
1785902400000,ETH,long,0.71,0.22,0.07,0.56
1785902400000,SOL,long,0.48,0.27,0.25,0.23
1785902400000,XRP,short,0.04,0.19,0.77,0.66
1785916800000,BTC,flat,0.24,0.45,0.31,0.17
1785916800000,ETH,short,0.16,0.32,0.52,0.28
1785916800000,SOL,short,0.16,0.36,0.48,0.23
1785916800000,XRP,short,0.05,0.18,0.77,0.66
1785931200000,BTC,long,0.75,0.15,0.1,0.64
1785931200000,ETH,long,0.49,0.36,0.15,0.23
1785931200000,SOL,flat,0.32,0.37,0.31,0.06
1785931200000,XRP,short,0.06,0.25,0.69,0.54
1785945600000,BTC,long,0.56,0.29,0.15,0.35
1785945600000,ETH,long,0.8,0.09,0.11,0.69
1785945600000,SOL,long,0.48,0.28,0.24,0.22
1785945600000,XRP,short,0.15,0.39,0.46,0.19
1785960000000,BTC,long,0.35,0.35,0.3,0.03
1785960000000,ETH,long,0.35,0.31,0.34,0.02
1785960000000,SOL,short,0.19,0.36,0.45,0.18
1785960000000,XRP,short,0.05,0.19,0.76,0.64
1785974400000,BTC,long,0.42,0.31,0.27,0.13
1785974400000,ETH,short,0.29,0.32,0.39,0.08
1785974400000,SOL,short,0.1,0.27,0.63,0.45
1785974400000,XRP,short,0.03,0.12,0.85,0.78
1785988800000,BTC,long,0.75,0.16,0.09,0.62
1785988800000,ETH,long,0.83,0.1,0.07,0.73
1785988800000,SOL,short,0.24,0.37,0.39,0.08
1785988800000,XRP,short,0.23,0.2,0.57,0.35
1786003200000,BTC,short,0.26,0.34,0.4,0.1
1786003200000,ETH,long,0.38,0.33,0.29,0.07
1786003200000,SOL,short,0.06,0.2,0.74,0.6
1786003200000,XRP,short,0.1,0.19,0.71,0.57
1786017600000,BTC,long,0.41,0.32,0.27,0.13
1786017600000,ETH,long,0.75,0.14,0.11,0.63
1786017600000,SOL,short,0.11,0.22,0.67,0.51
1786017600000,XRP,short,0.05,0.18,0.77,0.66
1786032000000,BTC,flat,0.31,0.39,0.3,0.08
1786032000000,ETH,long,0.45,0.35,0.2,0.18
1786032000000,SOL,short,0.13,0.21,0.66,0.49
1786032000000,XRP,short,0.05,0.15,0.8,0.7
1786046400000,BTC,flat,0.24,0.4,0.36,0.1
1786046400000,ETH,flat,0.32,0.37,0.31,0.05
1786046400000,SOL,short,0.13,0.25,0.62,0.42
1786046400000,XRP,short,0.14,0.24,0.62,0.42
1786060800000,BTC,flat,0.3,0.36,0.34,0.03
1786060800000,ETH,short,0.23,0.3,0.47,0.2
1786060800000,SOL,short,0.08,0.21,0.71,0.56
1786060800000,XRP,short,0.05,0.15,0.8,0.7
1786075200000,BTC,long,0.4,0.32,0.28,0.11
1786075200000,ETH,long,0.59,0.24,0.17,0.39
1786075200000,SOL,short,0.27,0.3,0.43,0.15
1786075200000,XRP,short,0.26,0.22,0.52,0.27
1786089600000,BTC,long,0.79,0.13,0.08,0.68
1786089600000,ETH,long,0.81,0.13,0.05,0.72
1786089600000,SOL,flat,0.28,0.42,0.3,0.13
1786089600000,XRP,short,0.15,0.22,0.63,0.45
1786104000000,BTC,long,0.39,0.28,0.33,0.08
1786104000000,ETH,long,0.71,0.16,0.13,0.57
1786104000000,SOL,long,0.54,0.27,0.19,0.32
1786104000000,XRP,short,0.07,0.13,0.8,0.7
1786118400000,BTC,long,0.68,0.16,0.16,0.52
1786118400000,ETH,long,0.79,0.13,0.08,0.69
1786118400000,SOL,long,0.61,0.22,0.17,0.41
1786118400000,XRP,short,0.06,0.14,0.8,0.7
1786132800000,BTC,long,0.38,0.3,0.32,0.07
1786132800000,ETH,short,0.29,0.3,0.41,0.11
1786132800000,SOL,short,0.18,0.35,0.47,0.2
1786132800000,XRP,short,0.06,0.15,0.79,0.7
1786147200000,BTC,long,0.58,0.27,0.15,0.38
1786147200000,ETH,long,0.68,0.17,0.15,0.52
1786147200000,SOL,long,0.62,0.21,0.17,0.43
1786147200000,XRP,long,0.51,0.22,0.27,0.27
1786161600000,BTC,flat,0.3,0.4,0.3,0.1
1786161600000,ETH,short,0.25,0.34,0.41,0.11
1786161600000,SOL,flat,0.29,0.43,0.28,0.13
1786161600000,XRP,short,0.12,0.18,0.7,0.54
1786176000000,BTC,flat,0.24,0.47000000000000003,0.29,0.19
1786176000000,ETH,long,0.65,0.22,0.13,0.47
1786176000000,SOL,long,0.81,0.13,0.06,0.71
1786176000000,XRP,long,0.43,0.28,0.29,0.15
1786190400000,BTC,long,0.59,0.28,0.13,0.38
1786190400000,ETH,long,0.7,0.17,0.13,0.56
1786190400000,SOL,long,0.84,0.09,0.07,0.75
1786190400000,XRP,long,0.49,0.26,0.25,0.23
1786204800000,BTC,flat,0.35,0.35,0.3,0.03
1786204800000,ETH,flat,0.27,0.38,0.35,0.07
1786204800000,SOL,short,0.3,0.21,0.49,0.25
1786204800000,XRP,short,0.2,0.27,0.53,0.29
1786219200000,BTC,flat,0.22,0.4,0.38,0.09
1786219200000,ETH,short,0.25,0.33,0.42,0.13
1786219200000,SOL,short,0.29,0.3,0.41,0.12
1786219200000,XRP,short,0.14,0.18,0.68,0.52
1786233600000,BTC,short,0.18,0.36,0.46,0.19
1786233600000,ETH,short,0.22,0.3,0.48,0.22
1786233600000,SOL,flat,0.34,0.34,0.32,0.02
1786233600000,XRP,short,0.13,0.18,0.69,0.54
1786248000000,BTC,short,0.21,0.34,0.45,0.16
1786248000000,ETH,long,0.56,0.21,0.23,0.34
1786248000000,SOL,long,0.72,0.14,0.14,0.58
1786248000000,XRP,short,0.21,0.34,0.45,0.18
1786262400000,BTC,long,0.39,0.36,0.25,0.08
1786262400000,ETH,long,0.44,0.34,0.22,0.15
1786262400000,SOL,long,0.77,0.15,0.08,0.65
1786262400000,XRP,short,0.09,0.24,0.67,0.51
1786276800000,BTC,long,0.52,0.27,0.21,0.29
1786276800000,ETH,long,0.79,0.13,0.08,0.68
1786276800000,SOL,long,0.85,0.08,0.07,0.77
1786276800000,XRP,short,0.29,0.27,0.44,0.17
1786291200000,BTC,short,0.34,0.3,0.36,0.03
1786291200000,ETH,short,0.22,0.27,0.51,0.25
1786291200000,SOL,short,0.35,0.27,0.38,0.07
1786291200000,XRP,short,0.12,0.24,0.64,0.45
1786305600000,BTC,flat,0.2,0.41,0.39,0.12
1786305600000,ETH,short,0.22,0.3,0.48,0.21
1786305600000,SOL,short,0.19,0.26,0.55,0.33
1786305600000,XRP,short,0.04,0.15,0.81,0.7
1786320000000,BTC,long,0.44,0.34,0.22,0.17
1786320000000,ETH,long,0.54,0.23,0.23,0.31
1786320000000,SOL,long,0.62,0.12,0.26,0.43
1786320000000,XRP,short,0.11,0.26,0.63,0.45
1786334400000,BTC,long,0.44,0.38,0.18,0.16
1786334400000,ETH,long,0.7,0.17,0.13,0.54
1786334400000,SOL,long,0.68,0.13,0.19,0.52
1786334400000,XRP,short,0.17,0.34,0.49,0.24
1786348800000,BTC,flat,0.31,0.37,0.32,0.05
1786348800000,ETH,short,0.22,0.29,0.49,0.24
1786348800000,SOL,long,0.66,0.15,0.19,0.49
1786348800000,XRP,short,0.05,0.19,0.76,0.64
1786363200000,BTC,short,0.14,0.39,0.47,0.21
1786363200000,ETH,short,0.15,0.22,0.63,0.45
1786363200000,SOL,short,0.19,0.25,0.56,0.34
1786363200000,XRP,short,0.05,0.15,0.8,0.7
1786377600000,BTC,short,0.08,0.32,0.6,0.4
1786377600000,ETH,short,0.28,0.36,0.36,0.05
1786377600000,SOL,long,0.42,0.3,0.28,0.13
1786377600000,XRP,short,0.08,0.18,0.74,0.61
1786392000000,BTC,short,0.14,0.41,0.45,0.17
1786392000000,ETH,short,0.11,0.28,0.61,0.41
1786392000000,SOL,short,0.23,0.38,0.39,0.09
1786392000000,XRP,short,0.05,0.15,0.8,0.69
1786406400000,BTC,short,0.24,0.37,0.39,0.09
1786406400000,ETH,long,0.56,0.29,0.15,0.33
1786406400000,SOL,long,0.36,0.34,0.3,0.04
1786406400000,XRP,short,0.2,0.25,0.55,0.32
1786420800000,BTC,flat,0.14,0.47,0.39,0.2
1786420800000,ETH,short,0.27,0.34,0.39,0.08
1786420800000,SOL,short,0.15,0.29,0.56,0.33
1786420800000,XRP,short,0.05,0.14,0.81,0.71
1786435200000,BTC,flat,0.34,0.39,0.27,0.07
1786435200000,ETH,long,0.67,0.16,0.17,0.5
1786435200000,SOL,long,0.52,0.25,0.23,0.29
1786435200000,XRP,short,0.19,0.24,0.57,0.35
1786449600000,BTC,short,0.1,0.3,0.6,0.39
1786449600000,ETH,short,0.17,0.27,0.56,0.33
1786449600000,SOL,short,0.14,0.26,0.6,0.4
1786449600000,XRP,short,0.14,0.22,0.64,0.47
1786464000000,BTC,short,0.06,0.27,0.67,0.51
1786464000000,ETH,long,0.65,0.22,0.13,0.48
1786464000000,SOL,short,0.34,0.31,0.35,0.03
1786464000000,XRP,long,0.48,0.2,0.32,0.21
1786478400000,BTC,short,0.23,0.29,0.48,0.22
1786478400000,ETH,long,0.68,0.15,0.17,0.51
1786478400000,SOL,long,0.64,0.16,0.2,0.46
1786478400000,XRP,long,0.53,0.24,0.23,0.29
1786492800000,BTC,short,0.2,0.36,0.44,0.17
1786492800000,ETH,long,0.64,0.24,0.12,0.47
1786492800000,SOL,long,0.59,0.24,0.17,0.39
1786492800000,XRP,short,0.18,0.25,0.5700000000000001,0.35
1786507200000,BTC,short,0.16,0.39,0.45,0.18
1786507200000,ETH,long,0.73,0.15,0.12,0.6
1786507200000,SOL,flat,0.33,0.33999999999999997,0.33,0.02
1786507200000,XRP,short,0.32,0.32,0.36,0.03
1786521600000,BTC,short,0.28,0.35,0.37,0.05
1786521600000,ETH,long,0.77,0.11,0.12,0.65
1786521600000,SOL,long,0.65,0.17,0.18,0.47
1786521600000,XRP,short,0.21,0.3,0.49,0.23
1786536000000,BTC,short,0.11,0.25,0.64,0.46
1786536000000,ETH,long,0.44,0.23,0.33,0.16
1786536000000,SOL,short,0.19,0.31,0.5,0.25
1786536000000,XRP,short,0.09,0.19,0.72,0.59
1786550400000,BTC,short,0.1,0.29,0.61,0.41
1786550400000,ETH,short,0.22,0.24,0.54,0.3
1786550400000,SOL,long,0.49,0.24,0.27,0.24
1786550400000,XRP,short,0.06,0.18,0.76,0.64
1786564800000,BTC,long,0.44,0.32,0.24,0.16
1786564800000,ETH,flat,0.39,0.39,0.22,0.08
1786564800000,SOL,short,0.15,0.27,0.58,0.36
1786564800000,XRP,short,0.07,0.18,0.75,0.62
1786579200000,BTC,long,0.4,0.34,0.26,0.1
1786579200000,ETH,long,0.69,0.22,0.09,0.53
1786579200000,SOL,long,0.58,0.23,0.19,0.37
1786579200000,XRP,long,0.4,0.29,0.31,0.1
1786593600000,BTC,flat,0.33,0.37,0.3,0.06
1786593600000,ETH,long,0.8,0.14,0.06,0.7
1786593600000,SOL,long,0.69,0.2,0.11,0.54
1786593600000,XRP,short,0.32,0.27,0.41,0.11
1786608000000,BTC,short,0.11,0.36,0.53,0.3
1786608000000,ETH,short,0.19,0.29,0.52,0.28
1786608000000,SOL,short,0.22,0.33,0.45,0.18
1786608000000,XRP,short,0.03,0.18,0.79,0.68
1786622400000,BTC,short,0.11,0.3,0.59,0.39
1786622400000,ETH,short,0.19,0.39,0.42,0.13
1786622400000,SOL,short,0.28,0.34,0.38,0.07
1786622400000,XRP,short,0.06,0.2,0.74,0.61
1786636800000,BTC,short,0.21,0.34,0.45,0.18
1786636800000,ETH,long,0.6,0.22,0.18,0.4
1786636800000,SOL,long,0.64,0.16,0.2,0.46
1786636800000,XRP,long,0.38,0.26,0.36,0.07
1786651200000,BTC,flat,0.27,0.37,0.36,0.07
1786651200000,ETH,short,0.29,0.33,0.38,0.07
1786651200000,SOL,long,0.56,0.2,0.24,0.34
1786651200000,XRP,short,0.15,0.3,0.55,0.33
1786665600000,BTC,short,0.07,0.28,0.65,0.49
1786665600000,ETH,flat,0.33,0.42,0.25,0.12
1786665600000,SOL,short,0.2,0.34,0.46,0.19
1786665600000,XRP,flat,0.31,0.36,0.33,0.03
1786680000000,BTC,short,0.07,0.22,0.71,0.55
1786680000000,ETH,short,0.16,0.3,0.54,0.32
1786680000000,SOL,short,0.27,0.32,0.41,0.12
1786680000000,XRP,short,0.09,0.18,0.73,0.59
1786694400000,BTC,short,0.06,0.19,0.75,0.61
1786694400000,ETH,long,0.46,0.35,0.19,0.19
1786694400000,SOL,short,0.19,0.33,0.48,0.23
1786694400000,XRP,short,0.07,0.22,0.71,0.56
1786708800000,BTC,long,0.4,0.29,0.31,0.11
1786708800000,ETH,long,0.56,0.28,0.16,0.34
1786708800000,SOL,short,0.23,0.36,0.41,0.12
1786708800000,XRP,long,0.45,0.26,0.29,0.17
1786723200000,BTC,short,0.19,0.29,0.52,0.29
1786723200000,ETH,flat,0.25,0.44,0.31,0.17
1786723200000,SOL,short,0.17,0.27,0.56,0.34
1786723200000,XRP,short,0.06,0.21,0.73,0.6
1786737600000,BTC,long,0.42,0.34,0.24,0.13
1786737600000,ETH,long,0.47,0.37,0.16,0.22
1786737600000,SOL,long,0.61,0.22,0.17,0.43
1786737600000,XRP,short,0.16,0.32,0.52,0.28
1786752000000,BTC,long,0.38,0.36,0.26,0.06
1786752000000,ETH,long,0.6,0.31,0.09,0.39
1786752000000,SOL,long,0.45,0.38,0.17,0.18
1786752000000,XRP,long,0.41,0.27,0.32,0.11
1786766400000,BTC,long,0.61,0.26,0.13,0.42
1786766400000,ETH,short,0.19,0.35,0.46,0.19
1786766400000,SOL,short,0.23,0.35,0.42,0.12
1786766400000,XRP,short,0.15,0.29,0.56,0.34
1786780800000,BTC,short,0.22,0.33,0.45,0.16
1786780800000,ETH,short,0.16,0.37,0.47,0.2
1786780800000,SOL,flat,0.28,0.47,0.25,0.21
1786780800000,XRP,short,0.18,0.31,0.51,0.26
1786795200000,BTC,long,0.49,0.34,0.17,0.23
1786795200000,ETH,long,0.76,0.17,0.07,0.63
1786795200000,SOL,long,0.55,0.33,0.12,0.33
1786795200000,XRP,short,0.11,0.32,0.57,0.35
1786809600000,BTC,long,0.48,0.32,0.2,0.21
1786809600000,ETH,flat,0.38,0.39999999999999997,0.22,0.11
1786809600000,SOL,long,0.6900000000000001,0.19,0.12,0.52
1786809600000,XRP,long,0.44,0.28,0.28,0.17
1786824000000,BTC,short,0.19,0.38,0.43,0.15
1786824000000,ETH,flat,0.28,0.36,0.36,0.04
1786824000000,SOL,short,0.11,0.23,0.66,0.49
1786824000000,XRP,short,0.23,0.34,0.43,0.14
1786838400000,BTC,long,0.41,0.39,0.2,0.12
1786838400000,ETH,flat,0.43,0.47,0.1,0.21
1786838400000,SOL,long,0.68,0.22,0.1,0.53
1786838400000,XRP,short,0.09,0.29,0.62,0.43
1786852800000,BTC,flat,0.14,0.45,0.41,0.17
1786852800000,ETH,flat,0.35,0.38,0.27,0.07
1786852800000,SOL,flat,0.32,0.38,0.3,0.06
1786852800000,XRP,flat,0.2,0.41,0.39,0.11
1786867200000,BTC,short,0.12,0.41,0.47000000000000003,0.19
1786867200000,ETH,long,0.35,0.34,0.31,0.02
1786867200000,SOL,flat,0.23,0.42,0.35,0.14
1786867200000,XRP,short,0.07,0.16,0.77,0.66
1786881600000,BTC,long,0.51,0.38,0.11,0.26
1786881600000,ETH,long,0.43,0.37,0.2,0.16
1786881600000,SOL,long,0.68,0.26,0.06,0.53
1786881600000,XRP,short,0.31,0.33,0.36,0.05
1786896000000,BTC,short,0.14,0.4,0.45999999999999996,0.2
1786896000000,ETH,long,0.73,0.2,0.07,0.6
1786896000000,SOL,short,0.1,0.25,0.65,0.48
1786896000000,XRP,short,0.08,0.25,0.67,0.5
1786910400000,BTC,short,0.14,0.41,0.45,0.17
1786910400000,ETH,short,0.19,0.33,0.48,0.21
1786910400000,SOL,short,0.17,0.27,0.5599999999999999,0.35
1786910400000,XRP,short,0.05,0.17,0.78,0.67
1786924800000,BTC,flat,0.37,0.4,0.23,0.1
1786924800000,ETH,long,0.77,0.17,0.06,0.65
1786924800000,SOL,long,0.49,0.41,0.1,0.24
1786924800000,XRP,long,0.34,0.33,0.33,0.01
1786939200000,BTC,long,0.49,0.34,0.17,0.24
1786939200000,ETH,flat,0.34,0.47,0.19,0.2
1786939200000,SOL,long,0.56,0.34,0.09,0.35
1786939200000,XRP,flat,0.23,0.41,0.36,0.12
1786953600000,BTC,long,0.52,0.34,0.14,0.28
1786953600000,ETH,long,0.78,0.17,0.05,0.66
1786953600000,SOL,flat,0.36,0.46,0.18,0.18
1786953600000,XRP,short,0.05,0.27,0.68,0.52
1786968000000,BTC,long,0.49,0.38,0.13,0.24
1786968000000,ETH,long,0.81,0.14,0.05,0.72
1786968000000,SOL,long,0.73,0.23,0.04,0.59
1786968000000,XRP,long,0.39,0.32,0.29,0.08
1786982400000,BTC,long,0.6,0.29,0.11,0.39
1786982400000,ETH,flat,0.28,0.38,0.34,0.07
1786982400000,SOL,flat,0.24,0.46,0.3,0.18
1786982400000,XRP,short,0.12,0.27,0.61,0.4
1786996800000,BTC,long,0.62,0.25,0.13,0.43
1786996800000,ETH,long,0.76,0.16,0.08,0.64
1786996800000,SOL,flat,0.42,0.46,0.12,0.18
1786996800000,XRP,short,0.21,0.35,0.44,0.17
1787011200000,BTC,flat,0.25,0.38,0.37,0.07
1787011200000,ETH,short,0.13,0.38,0.49,0.23
1787011200000,SOL,flat,0.22,0.55,0.23,0.31
1787011200000,XRP,short,0.05,0.17,0.78,0.67
1787025600000,BTC,long,0.42,0.3,0.28,0.14
1787025600000,ETH,long,0.39,0.32,0.29,0.08
1787025600000,SOL,long,0.77,0.15,0.08,0.65
1787025600000,XRP,short,0.18,0.28,0.54,0.32
1787040000000,BTC,long,0.38,0.36,0.26,0.07
1787040000000,ETH,long,0.38,0.34,0.28,0.08
1787040000000,SOL,long,0.82,0.13,0.05,0.73
1787040000000,XRP,short,0.16,0.27,0.57,0.36
1787054400000,BTC,long,0.62,0.23,0.15,0.43
1787054400000,ETH,long,0.72,0.19,0.09,0.58
1787054400000,SOL,long,0.89,0.07,0.04,0.84
1787054400000,XRP,flat,0.25,0.39999999999999997,0.35,0.11
1787068800000,BTC,short,0.19,0.32,0.49,0.23
1787068800000,ETH,short,0.31,0.33,0.36,0.04
1787068800000,SOL,long,0.46,0.37,0.17,0.19
1787068800000,XRP,short,0.18,0.36,0.46,0.19
1787083200000,BTC,long,0.61,0.25,0.14,0.41
1787083200000,ETH,long,0.78,0.15,0.07,0.68
1787083200000,SOL,long,0.39,0.29,0.32,0.08
1787083200000,XRP,short,0.07,0.2,0.73,0.59
1787097600000,BTC,short,0.11,0.26,0.63,0.45
1787097600000,ETH,short,0.31,0.34,0.35,0.02
1787097600000,SOL,flat,0.31,0.36,0.33,0.03
1787097600000,XRP,short,0.08,0.27,0.65,0.46
1787112000000,BTC,short,0.12,0.28,0.6,0.39
1787112000000,ETH,long,0.76,0.09,0.15,0.65
1787112000000,SOL,short,0.2,0.35,0.45,0.18
1787112000000,XRP,long,0.38,0.29,0.33,0.08
1787126400000,BTC,short,0.34,0.29,0.37,0.05
1787126400000,ETH,long,0.79,0.13,0.08,0.68
1787126400000,SOL,long,0.88,0.06,0.06,0.82
1787126400000,XRP,short,0.26,0.35,0.39,0.09
1787140800000,BTC,short,0.29,0.33,0.38,0.08
1787140800000,ETH,short,0.37,0.24,0.39,0.09
1787140800000,SOL,long,0.63,0.18,0.19,0.46
1787140800000,XRP,long,0.48,0.3,0.22,0.23
1787155200000,BTC,short,0.15,0.32,0.53,0.29
1787155200000,ETH,long,0.56,0.2,0.24,0.34
1787155200000,SOL,long,0.6,0.26,0.14,0.4
1787155200000,XRP,flat,0.21,0.43,0.36,0.15
1787169600000,BTC,long,0.37,0.33,0.3,0.05
1787169600000,ETH,long,0.47,0.22,0.31,0.2
1787169600000,SOL,long,0.76,0.12,0.12,0.63
1787169600000,XRP,long,0.59,0.25,0.16,0.39
1787184000000,BTC,short,0.18,0.34,0.48,0.23
1787184000000,ETH,short,0.23,0.28,0.49,0.22
1787184000000,SOL,short,0.2,0.2,0.6,0.4
1787184000000,XRP,short,0.09,0.26,0.65,0.49
1787198400000,BTC,long,0.53,0.27,0.2,0.3
1787198400000,ETH,flat,0.33,0.35,0.32,0.02
1787198400000,SOL,long,0.72,0.19,0.09,0.58
1787198400000,XRP,long,0.57,0.24,0.19,0.36
1787212800000,BTC,flat,0.32,0.35,0.33,0.02
1787212800000,ETH,long,0.54,0.25,0.21,0.32
1787212800000,SOL,long,0.54,0.25,0.21,0.32
1787212800000,XRP,long,0.51,0.2,0.29,0.26
1787227200000,BTC,long,0.38,0.32,0.3,0.08
1787227200000,ETH,long,0.59,0.19,0.22,0.39
1787227200000,SOL,long,0.44,0.36,0.2,0.16
1787227200000,XRP,long,0.58,0.19,0.23,0.37
1787241600000,BTC,long,0.42,0.34,0.24,0.13
1787241600000,ETH,long,0.42,0.3,0.28,0.13
1787241600000,SOL,flat,0.29,0.37,0.34,0.06
1787241600000,XRP,short,0.15,0.23,0.62,0.44
1787256000000,BTC,long,0.39,0.33,0.28,0.07
1787256000000,ETH,long,0.49,0.31,0.2,0.24
1787256000000,SOL,long,0.52,0.3,0.18,0.27
1787256000000,XRP,long,0.52,0.19,0.29,0.28
1787270400000,BTC,long,0.47,0.29,0.24,0.21
1787270400000,ETH,long,0.6,0.21,0.19,0.4
1787270400000,SOL,long,0.71,0.19,0.1,0.56
1787270400000,XRP,long,0.61,0.2,0.19,0.42
1787284800000,BTC,long,0.4,0.33,0.27,0.1
1787284800000,ETH,long,0.69,0.18,0.13,0.53
1787284800000,SOL,long,0.65,0.21,0.14,0.48
1787284800000,XRP,long,0.51,0.27,0.22,0.26
1787299200000,BTC,long,0.43,0.28,0.29,0.15
1787299200000,ETH,short,0.29,0.27,0.44,0.16
1787299200000,SOL,short,0.22,0.21,0.57,0.36
1787299200000,XRP,long,0.6,0.18,0.22,0.4
1787313600000,BTC,long,0.43,0.32,0.25,0.14
1787313600000,ETH,long,0.59,0.18,0.23,0.38
1787313600000,SOL,long,0.6,0.21,0.19,0.39
1787313600000,XRP,long,0.67,0.17,0.16,0.5
1787328000000,BTC,short,0.14,0.31,0.55,0.32
1787328000000,ETH,long,0.64,0.21,0.15,0.47
1787328000000,SOL,short,0.28,0.28,0.44,0.16
1787328000000,XRP,short,0.15,0.19,0.66,0.49
1787342400000,BTC,long,0.4,0.33,0.27,0.1
1787342400000,ETH,long,0.64,0.17,0.19,0.46
1787342400000,SOL,long,0.69,0.15,0.16,0.53
1787342400000,XRP,long,0.65,0.16,0.19,0.47
1787356800000,BTC,flat,0.28,0.41,0.31,0.11
1787356800000,ETH,short,0.22,0.31,0.47,0.2
1787356800000,SOL,long,0.56,0.25,0.19,0.34
1787356800000,XRP,long,0.44,0.26,0.3,0.16
1787371200000,BTC,short,0.13,0.28,0.59,0.39
1787371200000,ETH,short,0.09,0.21,0.7,0.56
1787371200000,SOL,short,0.1,0.21,0.69,0.54
1787371200000,XRP,short,0.3,0.32,0.38,0.07
1787385600000,BTC,short,0.17,0.31,0.52,0.28
1787385600000,ETH,short,0.16,0.27,0.57,0.36
1787385600000,SOL,short,0.12,0.25,0.63,0.45
1787385600000,XRP,short,0.11,0.26,0.63,0.45
1787400000000,BTC,short,0.11,0.33,0.56,0.33
1787400000000,ETH,short,0.15,0.21,0.64,0.45
1787400000000,SOL,short,0.14,0.24,0.62,0.43
1787400000000,XRP,short,0.08,0.2,0.72,0.57
1787414400000,BTC,short,0.13,0.34,0.53,0.3
1787414400000,ETH,short,0.34,0.28,0.38,0.06
1787414400000,SOL,short,0.28,0.24,0.48,0.23
1787414400000,XRP,long,0.52,0.19,0.29,0.27
1787428800000,BTC,short,0.1,0.3,0.6,0.4
1787428800000,ETH,short,0.14,0.29,0.57,0.36
1787428800000,SOL,short,0.17,0.27,0.56,0.34
1787428800000,XRP,short,0.11,0.23,0.66,0.49
1787443200000,BTC,short,0.08,0.31,0.61,0.43
1787443200000,ETH,short,0.09,0.27,0.64,0.46
1787443200000,SOL,short,0.1,0.25,0.65,0.48
1787443200000,XRP,short,0.2,0.24,0.5599999999999999,0.35
1787457600000,BTC,short,0.08,0.25,0.67,0.51
1787457600000,ETH,short,0.07,0.22,0.71,0.56
1787457600000,SOL,short,0.08,0.24,0.6799999999999999,0.53
1787457600000,XRP,short,0.06,0.18,0.76,0.64
1787472000000,BTC,short,0.2,0.35,0.45,0.18
1787472000000,ETH,short,0.31,0.3,0.39,0.09
1787472000000,SOL,long,0.44,0.25,0.31,0.16
1787472000000,XRP,short,0.25,0.25,0.5,0.25
1787486400000,BTC,short,0.11,0.31,0.58,0.37
1787486400000,ETH,short,0.35,0.3,0.35,0.02
1787486400000,SOL,long,0.4,0.31,0.29,0.1
1787486400000,XRP,short,0.24,0.27,0.49,0.23
1787500800000,BTC,short,0.23,0.36,0.41,0.12
1787500800000,ETH,long,0.49,0.27,0.24,0.23
1787500800000,SOL,short,0.2,0.29,0.51,0.26
1787500800000,XRP,short,0.22,0.32,0.45999999999999996,0.2
1787515200000,BTC,short,0.22,0.31,0.47,0.2
1787515200000,ETH,long,0.51,0.24,0.25,0.27
1787515200000,SOL,short,0.32,0.34,0.34,0.01
1787515200000,XRP,long,0.41,0.26,0.33,0.12
1787529600000,BTC,short,0.1,0.31,0.59,0.39
1787529600000,ETH,short,0.16,0.31,0.53,0.3
1787529600000,SOL,short,0.08,0.25,0.67,0.5
1787529600000,XRP,short,0.07,0.22,0.71,0.57
1787544000000,BTC,short,0.19,0.4,0.41,0.12
1787544000000,ETH,short,0.33,0.29,0.38,0.07
1787544000000,SOL,short,0.18,0.35,0.47,0.21
1787544000000,XRP,short,0.16,0.27,0.57,0.35
1787558400000,BTC,long,0.37,0.35,0.28,0.07
1787558400000,ETH,long,0.45999999999999996,0.23,0.31,0.2
1787558400000,SOL,long,0.47,0.29,0.24,0.2
1787558400000,XRP,short,0.16,0.31,0.53,0.3
1787572800000,BTC,long,0.49,0.28,0.23,0.23
1787572800000,ETH,short,0.27,0.27,0.46,0.19
1787572800000,SOL,long,0.59,0.24,0.17,0.38
1787572800000,XRP,long,0.36,0.3,0.34,0.05
1787587200000,BTC,short,0.27,0.31,0.42,0.14
1787587200000,ETH,short,0.17,0.24,0.59,0.39
1787587200000,SOL,long,0.5,0.29,0.21,0.25
1787587200000,XRP,short,0.11,0.19,0.7,0.55
1787601600000,BTC,long,0.42,0.32,0.26,0.12
1787601600000,ETH,long,0.51,0.22,0.27,0.27
1787601600000,SOL,long,0.77,0.12,0.11,0.66
1787601600000,XRP,short,0.08,0.26,0.66,0.49
1787616000000,BTC,long,0.43,0.32,0.25,0.14
1787616000000,ETH,long,0.49,0.28,0.23,0.23
1787616000000,SOL,long,0.63,0.2,0.17,0.45
1787616000000,XRP,long,0.48,0.22,0.3,0.22
1787630400000,BTC,short,0.22,0.34,0.44,0.16
1787630400000,ETH,short,0.12,0.32,0.56,0.34
1787630400000,SOL,short,0.25,0.26,0.49,0.24
1787630400000,XRP,short,0.1,0.3,0.6,0.39
1787644800000,BTC,short,0.2,0.3,0.5,0.24
1787644800000,ETH,short,0.14,0.42,0.44,0.16
1787644800000,SOL,short,0.15,0.26,0.59,0.39
1787644800000,XRP,short,0.08,0.28,0.64,0.46
1787659200000,BTC,long,0.37,0.31,0.32,0.06
1787659200000,ETH,flat,0.29,0.39,0.32,0.08
1787659200000,SOL,short,0.27,0.28,0.45,0.19
1787659200000,XRP,short,0.09,0.24,0.67,0.51
1787673600000,BTC,short,0.18,0.33,0.49,0.23
1787673600000,ETH,short,0.15,0.28,0.57,0.37
1787673600000,SOL,short,0.26,0.37,0.37,0.06
1787673600000,XRP,short,0.09,0.22,0.69,0.54
1787688000000,BTC,short,0.17,0.33,0.5,0.26
1787688000000,ETH,short,0.12,0.23,0.65,0.48
1787688000000,SOL,short,0.13,0.28,0.59,0.4
1787688000000,XRP,short,0.06,0.18,0.76,0.64
1787702400000,BTC,long,0.37,0.3,0.33,0.06
1787702400000,ETH,long,0.47000000000000003,0.26,0.27,0.2
1787702400000,SOL,short,0.25,0.29,0.46,0.2
1787702400000,XRP,short,0.13,0.23,0.64,0.47
1787716800000,BTC,short,0.16,0.36,0.48,0.21
1787716800000,ETH,short,0.17,0.34,0.49,0.25
1787716800000,SOL,short,0.13,0.32,0.55,0.33
1787716800000,XRP,short,0.05,0.2,0.75,0.62
1787731200000,BTC,short,0.12,0.28,0.6,0.39
1787731200000,ETH,long,0.35,0.34,0.31,0.03
1787731200000,SOL,short,0.31,0.32,0.37,0.05
1787731200000,XRP,short,0.06,0.14,0.8,0.71
1787745600000,BTC,short,0.14,0.35,0.51,0.26
1787745600000,ETH,short,0.18,0.29,0.53,0.29
1787745600000,SOL,short,0.11,0.23,0.66,0.5
1787745600000,XRP,short,0.05,0.13,0.82,0.73
1787760000000,BTC,short,0.24,0.35,0.41,0.12
1787760000000,ETH,long,0.58,0.24,0.18,0.37
1787760000000,SOL,long,0.39,0.31,0.3,0.08
1787760000000,XRP,short,0.15,0.25,0.6,0.39
1787774400000,BTC,short,0.3,0.34,0.36,0.05
1787774400000,ETH,long,0.61,0.21,0.18,0.42
1787774400000,SOL,long,0.67,0.16,0.17,0.5
1787774400000,XRP,short,0.35,0.27,0.38,0.06
1787788800000,BTC,short,0.14,0.35,0.51,0.27
1787788800000,ETH,short,0.19,0.33,0.48,0.21
1787788800000,SOL,short,0.29,0.27,0.44,0.16
1787788800000,XRP,short,0.14,0.22,0.64,0.45
1787803200000,BTC,flat,0.3,0.36,0.34,0.05
1787803200000,ETH,flat,0.33,0.36,0.31,0.03
1787803200000,SOL,long,0.6,0.2,0.2,0.41
1787803200000,XRP,short,0.23,0.3,0.47,0.2
1787817600000,BTC,flat,0.34,0.35,0.31,0.02
1787817600000,ETH,long,0.51,0.28,0.21,0.26
1787817600000,SOL,long,0.72,0.13,0.15,0.57
1787817600000,XRP,long,0.4,0.35,0.25,0.11
1787832000000,BTC,long,0.37,0.32,0.31,0.06
1787832000000,ETH,long,0.6,0.24,0.16,0.39
1787832000000,SOL,long,0.78,0.11,0.11,0.68
1787832000000,XRP,long,0.52,0.25,0.23,0.29
1787846400000,BTC,short,0.17,0.29,0.54,0.3
1787846400000,ETH,short,0.09,0.22,0.69,0.54
1787846400000,SOL,long,0.62,0.15,0.23,0.43
1787846400000,XRP,short,0.3,0.32,0.38,0.06
1787860800000,BTC,long,0.37,0.34,0.29,0.05
1787860800000,ETH,long,0.44,0.3,0.26,0.16
1787860800000,SOL,long,0.45,0.22,0.33,0.16
1787860800000,XRP,short,0.31,0.33,0.36,0.04
1787875200000,BTC,short,0.16,0.39,0.45,0.18
1787875200000,ETH,short,0.1,0.29,0.61,0.43
1787875200000,SOL,short,0.17,0.24,0.59,0.39
1787875200000,XRP,short,0.2,0.28,0.52,0.28
1787889600000,BTC,short,0.14,0.32,0.54,0.32
1787889600000,ETH,flat,0.21,0.41,0.38,0.13
1787889600000,SOL,short,0.18,0.22,0.6,0.41
1787889600000,XRP,short,0.12,0.34,0.54,0.32
1787904000000,BTC,short,0.13,0.27,0.6,0.39
1787904000000,ETH,long,0.48,0.28,0.24,0.22
1787904000000,SOL,short,0.12,0.21,0.67,0.51
1787904000000,XRP,short,0.1,0.28,0.62,0.42
1787918400000,BTC,short,0.07,0.28,0.65,0.47
1787918400000,ETH,short,0.12,0.3,0.58,0.37
1787918400000,SOL,short,0.21,0.26,0.53,0.3
1787918400000,XRP,short,0.07,0.25,0.68,0.53
1787932800000,BTC,short,0.14,0.31,0.55,0.32
1787932800000,ETH,short,0.08,0.27,0.65,0.48
1787932800000,SOL,short,0.1,0.18,0.72,0.57
1787932800000,XRP,short,0.07,0.23,0.7,0.55
1787947200000,BTC,short,0.21,0.33,0.46,0.19
1787947200000,ETH,short,0.23,0.34,0.43,0.15
1787947200000,SOL,long,0.4,0.23,0.37,0.1
1787947200000,XRP,short,0.26,0.3,0.44,0.16
1787961600000,BTC,short,0.16,0.37,0.47,0.21
1787961600000,ETH,short,0.14,0.28,0.58,0.37
1787961600000,SOL,short,0.3,0.25,0.45,0.18
1787961600000,XRP,short,0.07,0.2,0.73,0.59
1787976000000,BTC,short,0.24,0.37,0.39,0.09
1787976000000,ETH,flat,0.31,0.39,0.3,0.1
1787976000000,SOL,short,0.15,0.29,0.56,0.33
1787976000000,XRP,flat,0.33,0.37,0.3,0.06
1787990400000,BTC,short,0.1,0.32,0.58,0.36
1787990400000,ETH,short,0.1,0.34,0.56,0.34
1787990400000,SOL,short,0.11,0.19,0.7,0.55
1787990400000,XRP,flat,0.29,0.38,0.33,0.07
1788004800000,BTC,short,0.26,0.33,0.41,0.12
1788004800000,ETH,long,0.59,0.26,0.15,0.37
1788004800000,SOL,long,0.65,0.17,0.18,0.48
1788004800000,XRP,flat,0.33,0.38,0.29,0.08
1788019200000,BTC,short,0.32,0.29,0.39,0.07
1788019200000,ETH,long,0.68,0.17,0.15,0.52
1788019200000,SOL,long,0.53,0.19,0.28,0.3
1788019200000,XRP,long,0.38,0.38,0.24,0.07
1788033600000,BTC,short,0.22,0.31,0.47,0.2
1788033600000,ETH,long,0.68,0.15,0.17,0.52
1788033600000,SOL,long,0.5,0.19,0.31,0.25
1788033600000,XRP,short,0.21,0.36,0.43,0.15
1788048000000,BTC,short,0.16,0.33,0.51,0.27
1788048000000,ETH,flat,0.28,0.45,0.27,0.18
1788048000000,SOL,short,0.19,0.24,0.57,0.36
1788048000000,XRP,short,0.13,0.36,0.51,0.26
1788062400000,BTC,short,0.13,0.28,0.59,0.39
1788062400000,ETH,short,0.14,0.22,0.64,0.45
1788062400000,SOL,short,0.19,0.21,0.6,0.41
1788062400000,XRP,short,0.1,0.3,0.6,0.39
1788076800000,BTC,flat,0.3,0.37,0.33,0.05
1788076800000,ETH,long,0.58,0.22,0.2,0.37
1788076800000,SOL,long,0.42,0.22,0.36,0.13
1788076800000,XRP,short,0.12,0.43,0.45,0.17
1788091200000,BTC,long,0.45,0.31,0.24,0.18
1788091200000,ETH,long,0.71,0.18,0.11,0.57
1788091200000,SOL,long,0.75,0.11,0.14,0.63
1788091200000,XRP,flat,0.27,0.46,0.27,0.2
1788105600000,BTC,short,0.32,0.32,0.36,0.03
1788105600000,ETH,long,0.7,0.17,0.13,0.54
1788105600000,SOL,short,0.25,0.28,0.47,0.2
1788105600000,XRP,long,0.58,0.29,0.13,0.36
1788120000000,BTC,short,0.17,0.36,0.47,0.21
1788120000000,ETH,short,0.11,0.23,0.66,0.49
1788120000000,SOL,short,0.21,0.26,0.53,0.28
1788120000000,XRP,short,0.07,0.2,0.73,0.6
1788134400000,BTC,flat,0.3,0.4,0.3,0.1
1788134400000,ETH,long,0.39,0.3,0.31,0.09
1788134400000,SOL,short,0.36,0.25,0.39,0.09
1788134400000,XRP,short,0.05,0.23,0.72,0.58
1788148800000,BTC,long,0.53,0.29,0.18,0.3
1788148800000,ETH,long,0.53,0.22,0.25,0.29
1788148800000,SOL,long,0.47,0.22,0.31,0.2
1788148800000,XRP,short,0.35,0.28,0.37,0.05
1788163200000,BTC,long,0.45,0.36,0.19,0.18
1788163200000,ETH,long,0.46,0.25,0.29,0.19
1788163200000,SOL,long,0.4,0.23,0.37,0.1
1788163200000,XRP,short,0.09,0.25,0.66,0.49
1788177600000,BTC,flat,0.31,0.37,0.32,0.06
1788177600000,ETH,long,0.58,0.24,0.18,0.37
1788177600000,SOL,short,0.27,0.29,0.44,0.16
1788177600000,XRP,short,0.23,0.33,0.44,0.17
1788192000000,BTC,long,0.53,0.32,0.15,0.3
1788192000000,ETH,long,0.48,0.28,0.24,0.22
1788192000000,SOL,long,0.5,0.24,0.26,0.25
1788192000000,XRP,flat,0.3,0.35,0.35,0.04
1788206400000,BTC,short,0.15,0.39,0.46,0.19
1788206400000,ETH,short,0.18,0.34,0.48,0.23
1788206400000,SOL,short,0.29,0.28,0.43,0.15
1788206400000,XRP,short,0.11,0.28,0.61,0.42
1788220800000,BTC,flat,0.32,0.39,0.29,0.08
1788220800000,ETH,long,0.67,0.19,0.14,0.5
1788220800000,SOL,long,0.68,0.18,0.14,0.52
1788220800000,XRP,long,0.37,0.3,0.33,0.04
1788235200000,BTC,short,0.15,0.32,0.53,0.29
1788235200000,ETH,long,0.51,0.39,0.1,0.25
1788235200000,SOL,short,0.13,0.27,0.6,0.4
1788235200000,XRP,short,0.06,0.28,0.66,0.48
1788249600000,BTC,short,0.1,0.29,0.61,0.4
1788249600000,ETH,short,0.22,0.27,0.51,0.27
1788249600000,SOL,short,0.11,0.24,0.65,0.48
1788249600000,XRP,long,0.38,0.37,0.25,0.07
1788264000000,BTC,short,0.11,0.36,0.53,0.3
1788264000000,ETH,short,0.11,0.26,0.63,0.44
1788264000000,SOL,short,0.16,0.27,0.57,0.36
1788264000000,XRP,short,0.1,0.37,0.53,0.29
1788278400000,BTC,short,0.11,0.31,0.58,0.37
1788278400000,ETH,short,0.07,0.19,0.74,0.61
1788278400000,SOL,short,0.17,0.24,0.59,0.4
1788278400000,XRP,short,0.05,0.2,0.75,0.62
1788292800000,BTC,short,0.28,0.31,0.41,0.11
1788292800000,ETH,short,0.14,0.28,0.58,0.37
1788292800000,SOL,short,0.15,0.19,0.66,0.48
1788292800000,XRP,short,0.04,0.21,0.75,0.62
1788307200000,BTC,short,0.28,0.34,0.38,0.07
1788307200000,ETH,short,0.1,0.31,0.59,0.38
1788307200000,SOL,long,0.51,0.22,0.27,0.26
1788307200000,XRP,short,0.04,0.25,0.71,0.57
1788321600000,BTC,short,0.11,0.34,0.55,0.33
1788321600000,ETH,short,0.28,0.34,0.38,0.07
1788321600000,SOL,short,0.11,0.22,0.67,0.5
1788321600000,XRP,short,0.04,0.17,0.79,0.69
1788336000000,BTC,short,0.12,0.29,0.59,0.39
1788336000000,ETH,short,0.07,0.17,0.76,0.64
1788336000000,SOL,short,0.15,0.22,0.63,0.44
1788336000000,XRP,short,0.05,0.14,0.81,0.71
1788350400000,BTC,short,0.29,0.31,0.4,0.1
1788350400000,ETH,short,0.26,0.24,0.5,0.24
1788350400000,SOL,short,0.32,0.22,0.46,0.19
1788350400000,XRP,long,0.37,0.27,0.36,0.05
1788364800000,BTC,short,0.32,0.32,0.36,0.04
1788364800000,ETH,long,0.51,0.23,0.26,0.27
1788364800000,SOL,short,0.28,0.24,0.48,0.22
1788364800000,XRP,long,0.66,0.21,0.13,0.49
1788379200000,BTC,short,0.15,0.33,0.52,0.28
1788379200000,ETH,short,0.1,0.15,0.75,0.62
1788379200000,SOL,long,0.69,0.17,0.14,0.54
1788379200000,XRP,long,0.39,0.33,0.28,0.08
1788393600000,BTC,long,0.41,0.33,0.26,0.11
1788393600000,ETH,long,0.48,0.26,0.26,0.22
1788393600000,SOL,long,0.6,0.28,0.12,0.4
1788393600000,XRP,long,0.74,0.18,0.08,0.61
1788408000000,BTC,short,0.21,0.33,0.46,0.2
1788408000000,ETH,short,0.1,0.18,0.72,0.58
1788408000000,SOL,short,0.28,0.31,0.41,0.12
1788408000000,XRP,long,0.37,0.35,0.28,0.05
1788422400000,BTC,long,0.47,0.35,0.18,0.2
1788422400000,ETH,long,0.65,0.24,0.11,0.48
1788422400000,SOL,long,0.71,0.2,0.09,0.55
1788422400000,XRP,long,0.62,0.3,0.08,0.42
1788436800000,BTC,short,0.28,0.33,0.39,0.08
1788436800000,ETH,long,0.5,0.26,0.24,0.24
1788436800000,SOL,long,0.55,0.23,0.22,0.31
1788436800000,XRP,long,0.47,0.26,0.27,0.21
1788451200000,BTC,short,0.3,0.34,0.36,0.05
1788451200000,ETH,flat,0.39,0.4,0.21,0.1
1788451200000,SOL,flat,0.37,0.39,0.24,0.07
1788451200000,XRP,long,0.51,0.27,0.22,0.27
1788465600000,BTC,short,0.21,0.29,0.5,0.25
1788465600000,ETH,short,0.26,0.35,0.39,0.08
1788465600000,SOL,short,0.15,0.25,0.6,0.4
1788465600000,XRP,short,0.16,0.26,0.58,0.38
1788480000000,BTC,short,0.21,0.36,0.43,0.15
1788480000000,ETH,flat,0.22,0.44,0.34,0.16
1788480000000,SOL,short,0.2,0.34,0.45999999999999996,0.2
1788480000000,XRP,short,0.24,0.28,0.48,0.22
1788494400000,BTC,short,0.23,0.32,0.45,0.17
1788494400000,ETH,flat,0.24,0.41,0.35,0.12
1788494400000,SOL,short,0.14,0.32,0.54,0.31
1788494400000,XRP,short,0.21,0.32,0.47,0.21
1788508800000,BTC,short,0.34,0.31,0.35,0.03
1788508800000,ETH,long,0.55,0.23,0.22,0.32
1788508800000,SOL,long,0.48,0.32,0.2,0.22
1788508800000,XRP,long,0.39,0.29,0.32,0.08
1788523200000,BTC,short,0.15,0.34,0.51,0.26
1788523200000,ETH,short,0.11,0.22,0.67,0.51
1788523200000,SOL,short,0.09,0.17,0.74,0.61
1788523200000,XRP,short,0.11,0.28,0.61,0.42
1788537600000,BTC,short,0.31,0.34,0.35,0.03
1788537600000,ETH,flat,0.3,0.39,0.31,0.08
1788537600000,SOL,short,0.33,0.31,0.36,0.05
1788537600000,XRP,short,0.16,0.4,0.44,0.16
1788552000000,BTC,short,0.18,0.36,0.46,0.19
1788552000000,ETH,flat,0.33,0.44,0.23,0.16
1788552000000,SOL,long,0.39,0.34,0.27,0.09
1788552000000,XRP,short,0.1,0.36,0.54,0.32
1788566400000,BTC,short,0.16,0.38,0.46,0.19
1788566400000,ETH,short,0.15,0.32,0.53,0.29
1788566400000,SOL,flat,0.2,0.42,0.38,0.12
1788566400000,XRP,short,0.08,0.29,0.63,0.45
1788580800000,BTC,flat,0.37,0.46,0.17,0.18
1788580800000,ETH,long,0.49,0.34,0.17,0.24
1788580800000,SOL,long,0.51,0.28,0.21,0.26
1788580800000,XRP,long,0.46,0.33,0.21,0.19
1788595200000,BTC,flat,0.08,0.47,0.45,0.2
1788595200000,ETH,flat,0.12,0.45,0.43,0.17
1788595200000,SOL,flat,0.36,0.39,0.25,0.09
1788595200000,XRP,flat,0.18,0.56,0.26,0.34
1788609600000,BTC,flat,0.4,0.44,0.16,0.16
1788609600000,ETH,long,0.56,0.27,0.17,0.34
1788609600000,SOL,long,0.47,0.29,0.24,0.2
1788609600000,XRP,long,0.57,0.28,0.15,0.35
1788624000000,BTC,short,0.1,0.33,0.57,0.36
1788624000000,ETH,long,0.74,0.14,0.12,0.62
1788624000000,SOL,long,0.56,0.24,0.2,0.34
1788624000000,XRP,long,0.55,0.27,0.18,0.33
1788638400000,BTC,long,0.49,0.36,0.15,0.23
1788638400000,ETH,long,0.72,0.17,0.11,0.58
1788638400000,SOL,short,0.22,0.32,0.46,0.19
1788638400000,XRP,flat,0.21,0.4,0.39,0.1
1788652800000,BTC,flat,0.29,0.41,0.3,0.12
1788652800000,ETH,long,0.53,0.25,0.22,0.3
1788652800000,SOL,long,0.58,0.22,0.2,0.37
1788652800000,XRP,long,0.52,0.3,0.18,0.29
1788667200000,BTC,flat,0.25,0.39,0.36,0.09
1788667200000,ETH,short,0.15,0.3,0.55,0.32
1788667200000,SOL,short,0.2,0.27,0.53,0.29
1788667200000,XRP,short,0.19,0.34,0.47,0.2
1788681600000,BTC,flat,0.36,0.42,0.22,0.14
1788681600000,ETH,long,0.47000000000000003,0.28,0.25,0.19
1788681600000,SOL,long,0.7,0.19,0.11,0.56
1788681600000,XRP,long,0.39,0.35,0.26,0.07
1788696000000,BTC,short,0.12,0.39,0.49,0.23
1788696000000,ETH,short,0.12,0.28,0.6,0.4
1788696000000,SOL,short,0.2,0.29,0.51,0.26
1788696000000,XRP,short,0.12,0.33,0.55,0.33
1788710400000,BTC,flat,0.34,0.45,0.21,0.18
1788710400000,ETH,long,0.39,0.24,0.37,0.09
1788710400000,SOL,short,0.2,0.36,0.44,0.15
1788710400000,XRP,short,0.08,0.34,0.58,0.37
1788724800000,BTC,long,0.38,0.37,0.25,0.07
1788724800000,ETH,long,0.52,0.24,0.24,0.29
1788724800000,SOL,long,0.63,0.21,0.16,0.45
1788724800000,XRP,long,0.44,0.35,0.21,0.16
1788739200000,BTC,short,0.07,0.39,0.54,0.3
1788739200000,ETH,short,0.17,0.36,0.47,0.2
1788739200000,SOL,short,0.05,0.22,0.73,0.6
1788739200000,XRP,short,0.06,0.28,0.66,0.48
1788753600000,BTC,short,0.09,0.34,0.57,0.35
1788753600000,ETH,short,0.14,0.32,0.54,0.31
1788753600000,SOL,short,0.08,0.19,0.73,0.6
1788753600000,XRP,short,0.05,0.25,0.7,0.56
1788768000000,BTC,flat,0.27,0.38,0.35,0.07
1788768000000,ETH,short,0.22,0.38,0.4,0.1
1788768000000,SOL,short,0.33,0.29,0.38,0.06
1788768000000,XRP,short,0.15,0.4,0.45,0.18
1788782400000,BTC,short,0.14,0.33,0.53,0.3
1788782400000,ETH,short,0.2,0.34,0.46,0.18
1788782400000,SOL,short,0.07,0.24,0.69,0.53
1788782400000,XRP,short,0.07,0.26,0.67,0.5
1788796800000,BTC,short,0.18,0.34,0.48,0.23
1788796800000,ETH,long,0.54,0.23,0.23,0.31
1788796800000,SOL,short,0.31,0.28,0.41,0.11
1788796800000,XRP,flat,0.33,0.34,0.33,0.01
1788811200000,BTC,short,0.12,0.29,0.59,0.39
1788811200000,ETH,short,0.27,0.31,0.42,0.13
1788811200000,SOL,short,0.12,0.22,0.66,0.49
1788811200000,XRP,short,0.08,0.32,0.6,0.39
1788825600000,BTC,short,0.14,0.3,0.5599999999999999,0.35
1788825600000,ETH,short,0.26,0.35,0.39,0.08
1788825600000,SOL,short,0.09,0.19,0.72,0.59
1788825600000,XRP,short,0.14,0.38,0.48,0.22
1788840000000,BTC,short,0.11,0.28,0.61,0.41
1788840000000,ETH,short,0.24,0.35,0.41,0.11
1788840000000,SOL,short,0.1,0.29,0.61,0.41
1788840000000,XRP,short,0.12,0.34,0.54,0.31
1788854400000,BTC,short,0.15,0.27,0.58,0.38
1788854400000,ETH,short,0.1,0.26,0.64,0.45
1788854400000,SOL,short,0.08,0.22,0.7,0.56
1788854400000,XRP,flat,0.31,0.36,0.33,0.03
1788868800000,BTC,short,0.27,0.33,0.4,0.1
1788868800000,ETH,long,0.51,0.22,0.27,0.26
1788868800000,SOL,long,0.4,0.29,0.31,0.1
1788868800000,XRP,long,0.73,0.15,0.12,0.59
1788883200000,BTC,short,0.1,0.33,0.57,0.36
1788883200000,ETH,short,0.16,0.34,0.5,0.26
1788883200000,SOL,short,0.09,0.27,0.64,0.45
1788883200000,XRP,short,0.34,0.29,0.37,0.06
1788897600000,BTC,short,0.28,0.31,0.41,0.13
1788897600000,ETH,long,0.57,0.22,0.21,0.35
1788897600000,SOL,short,0.32,0.28,0.4,0.09
1788897600000,XRP,short,0.23,0.27,0.5,0.25
1788912000000,BTC,flat,0.31,0.39,0.3,0.08
1788912000000,ETH,long,0.44,0.34,0.22,0.15
1788912000000,SOL,short,0.14,0.27,0.59,0.38
1788912000000,XRP,flat,0.28,0.38,0.34,0.07
1788926400000,BTC,flat,0.33,0.33999999999999997,0.33,0.02
1788926400000,ETH,long,0.64,0.2,0.16,0.45
1788926400000,SOL,long,0.5,0.28,0.22,0.25
1788926400000,XRP,long,0.74,0.15,0.11,0.61
1788940800000,BTC,long,0.41,0.3,0.29,0.11
1788940800000,ETH,short,0.3,0.35,0.35,0.03
1788940800000,SOL,flat,0.32,0.35,0.33,0.03
1788940800000,XRP,short,0.27,0.32,0.41,0.12
1788955200000,BTC,short,0.11,0.27,0.62,0.42
1788955200000,ETH,short,0.17,0.35,0.48,0.23
1788955200000,SOL,short,0.11,0.26,0.63,0.44
1788955200000,XRP,short,0.15,0.28,0.57,0.35
1788969600000,BTC,short,0.18,0.34,0.48,0.22
1788969600000,ETH,short,0.14,0.26,0.6,0.39
1788969600000,SOL,short,0.17,0.35,0.48,0.22
1788969600000,XRP,short,0.11,0.25,0.64,0.45
1788984000000,BTC,short,0.32,0.32,0.36,0.05
1788984000000,ETH,long,0.42,0.29,0.29,0.14
1788984000000,SOL,short,0.11,0.21,0.68,0.51
1788984000000,XRP,short,0.21,0.35,0.44,0.16
1788998400000,BTC,long,0.35,0.31,0.34,0.02
1788998400000,ETH,long,0.44,0.28,0.28,0.16
1788998400000,SOL,short,0.24,0.31,0.45,0.18
1788998400000,XRP,short,0.08,0.26,0.66,0.49
1789012800000,BTC,short,0.15,0.3,0.55,0.33
1789012800000,ETH,short,0.23,0.34,0.43,0.14
1789012800000,SOL,short,0.07,0.19,0.74,0.6
1789012800000,XRP,short,0.07,0.23,0.7,0.56
1789027200000,BTC,short,0.14,0.28,0.58,0.38
1789027200000,ETH,short,0.17,0.25,0.58,0.37
1789027200000,SOL,short,0.08,0.23,0.69,0.53
1789027200000,XRP,short,0.08,0.21,0.71,0.56
1789041600000,BTC,short,0.17,0.33,0.5,0.25
1789041600000,ETH,short,0.08,0.25,0.67,0.5
1789041600000,SOL,short,0.14,0.23,0.63,0.44
1789041600000,XRP,short,0.07,0.19,0.74,0.6
1789056000000,BTC,short,0.16,0.27,0.57,0.36
1789056000000,ETH,long,0.63,0.23,0.14,0.44
1789056000000,SOL,short,0.12,0.25,0.63,0.44
1789056000000,XRP,short,0.05,0.17,0.78,0.67
1789070400000,BTC,short,0.19,0.31,0.5,0.25
1789070400000,ETH,short,0.14,0.26,0.6,0.41
1789070400000,SOL,short,0.08,0.26,0.66,0.49
1789070400000,XRP,short,0.04,0.17,0.79,0.68
1789084800000,BTC,long,0.55,0.25,0.2,0.33
1789084800000,ETH,long,0.61,0.25,0.14,0.42
1789084800000,SOL,long,0.36,0.31,0.33,0.04
1789084800000,XRP,short,0.3,0.27,0.43,0.15
1789099200000,BTC,long,0.48,0.3,0.22,0.23
1789099200000,ETH,long,0.63,0.24,0.13,0.44
1789099200000,SOL,long,0.41,0.33,0.26,0.12
1789099200000,XRP,short,0.3,0.3,0.4,0.1
1789113600000,BTC,short,0.23,0.33,0.44,0.16
1789113600000,ETH,short,0.27,0.35,0.38,0.08
1789113600000,SOL,short,0.13,0.26,0.61,0.42
1789113600000,XRP,short,0.05,0.17,0.78,0.68
1789128000000,BTC,long,0.38,0.33,0.29,0.08
1789128000000,ETH,long,0.66,0.16,0.18,0.48
1789128000000,SOL,long,0.46,0.37,0.17,0.19
1789128000000,XRP,long,0.56,0.25,0.19,0.33
1789142400000,BTC,short,0.2,0.33,0.47,0.2
1789142400000,ETH,short,0.2,0.2,0.6,0.4
1789142400000,SOL,long,0.57,0.3,0.13,0.35
1789142400000,XRP,short,0.11,0.27,0.62,0.42
1789156800000,BTC,short,0.27,0.34,0.39,0.08
1789156800000,ETH,short,0.19,0.26,0.55,0.32
1789156800000,SOL,long,0.62,0.26,0.12,0.43
1789156800000,XRP,short,0.21,0.35,0.44,0.16
1789171200000,BTC,flat,0.33,0.37,0.3,0.06
1789171200000,ETH,short,0.24,0.35,0.41,0.11
1789171200000,SOL,short,0.1,0.24,0.66,0.5
1789171200000,XRP,long,0.45,0.36,0.19,0.19
1789185600000,BTC,short,0.13,0.37,0.5,0.25
1789185600000,ETH,long,0.7,0.19,0.11,0.55
1789185600000,SOL,flat,0.35,0.47,0.18,0.21
1789185600000,XRP,long,0.41,0.35,0.24,0.12
1789200000000,BTC,flat,0.34,0.37,0.29,0.05
1789200000000,ETH,long,0.7,0.15,0.15,0.56
1789200000000,SOL,long,0.55,0.33,0.11,0.33
1789200000000,XRP,long,0.47,0.37,0.16,0.2
1789214400000,BTC,long,0.49,0.3,0.21,0.22
1789214400000,ETH,short,0.23,0.32,0.45,0.17
1789214400000,SOL,short,0.18,0.34,0.48,0.22
1789214400000,XRP,long,0.43,0.38,0.19,0.14
1789228800000,BTC,short,0.19,0.35,0.46,0.19
1789228800000,ETH,short,0.16,0.31,0.53,0.3
1789228800000,SOL,short,0.17,0.3,0.53,0.3
1789228800000,XRP,short,0.18,0.35,0.47,0.22
1789243200000,BTC,flat,0.15,0.58,0.27,0.37
1789243200000,ETH,long,0.59,0.23,0.18,0.38
1789243200000,SOL,flat,0.21,0.49,0.3,0.24
1789243200000,XRP,flat,0.26,0.41,0.33,0.12
1789257600000,BTC,short,0.16,0.35,0.49,0.23
1789257600000,ETH,short,0.23,0.32,0.45,0.17
1789257600000,SOL,short,0.15,0.4,0.45,0.17
1789257600000,XRP,short,0.09,0.29,0.62,0.42
1789272000000,BTC,short,0.12,0.38,0.5,0.25
1789272000000,ETH,flat,0.16,0.43,0.41,0.14
1789272000000,SOL,short,0.09,0.19,0.72,0.59
1789272000000,XRP,short,0.07,0.29,0.64,0.45
1789286400000,BTC,short,0.15,0.34,0.51,0.26
1789286400000,ETH,short,0.09,0.3,0.61,0.42
1789286400000,SOL,short,0.06,0.24,0.7,0.55
1789286400000,XRP,short,0.07,0.27,0.66,0.49
1789300800000,BTC,flat,0.31,0.39,0.3,0.08
1789300800000,ETH,long,0.43,0.3,0.27,0.14
1789300800000,SOL,short,0.25,0.25,0.5,0.25
1789300800000,XRP,short,0.08,0.37,0.55,0.32
1789315200000,BTC,flat,0.29,0.52,0.19,0.29
1789315200000,ETH,short,0.31,0.29,0.4,0.1
1789315200000,SOL,long,0.39,0.31,0.3,0.09
1789315200000,XRP,short,0.32,0.32,0.36,0.04
1789329600000,BTC,flat,0.23,0.4,0.37,0.1
1789329600000,ETH,short,0.12,0.29,0.59,0.4
1789329600000,SOL,short,0.1,0.29,0.61,0.41
1789329600000,XRP,short,0.11,0.3,0.59,0.39
1789344000000,BTC,long,0.53,0.33,0.14,0.29
1789344000000,ETH,short,0.32,0.32,0.36,0.03
1789344000000,SOL,short,0.28,0.36,0.36,0.04
1789344000000,XRP,long,0.68,0.24,0.08,0.51
1789358400000,BTC,long,0.43,0.32,0.25,0.15
1789358400000,ETH,long,0.39,0.25,0.36,0.07
1789358400000,SOL,long,0.52,0.28,0.2,0.29
1789358400000,XRP,long,0.72,0.19,0.09,0.58
1789372800000,BTC,flat,0.22,0.39,0.39,0.09
1789372800000,ETH,short,0.13,0.25,0.62,0.42
1789372800000,SOL,short,0.21,0.35,0.44,0.15
1789372800000,XRP,long,0.71,0.2,0.09,0.57
1789387200000,BTC,long,0.57,0.27,0.16,0.35
1789387200000,ETH,short,0.16,0.33,0.51,0.26
1789387200000,SOL,long,0.55,0.29,0.16,0.32
1789387200000,XRP,long,0.71,0.2,0.09,0.56
1789401600000,BTC,long,0.44,0.33,0.23,0.15
1789401600000,ETH,long,0.66,0.21,0.13,0.49
1789401600000,SOL,long,0.67,0.23,0.1,0.5
1789401600000,XRP,long,0.81,0.1,0.09,0.71
1789416000000,BTC,short,0.2,0.35,0.45,0.18
1789416000000,ETH,short,0.14,0.29,0.57,0.36
1789416000000,SOL,flat,0.33,0.38,0.29,0.06
1789416000000,XRP,short,0.14,0.2,0.66,0.49
1789430400000,BTC,short,0.17,0.36,0.47,0.2
1789430400000,ETH,short,0.11,0.29,0.6,0.41
1789430400000,SOL,short,0.15,0.29,0.56,0.34
1789430400000,XRP,long,0.4,0.23,0.37,0.1
1789444800000,BTC,short,0.11,0.32,0.57,0.36
1789444800000,ETH,short,0.11,0.32,0.57,0.37
1789444800000,SOL,short,0.13,0.29,0.58,0.37
1789444800000,XRP,short,0.22,0.34,0.44,0.17
1789459200000,BTC,flat,0.28,0.39,0.33,0.09
1789459200000,ETH,long,0.58,0.21,0.21,0.36
1789459200000,SOL,long,0.49,0.32,0.19,0.23
1789459200000,XRP,long,0.55,0.21,0.24,0.32
1789473600000,BTC,short,0.13,0.32,0.55,0.32
1789473600000,ETH,short,0.07,0.21,0.72,0.58
1789473600000,SOL,short,0.08,0.25,0.67,0.51
1789473600000,XRP,short,0.13,0.34,0.53,0.29
1789488000000,BTC,short,0.15,0.33,0.52,0.28
1789488000000,ETH,short,0.13,0.24,0.63,0.45
1789488000000,SOL,short,0.14,0.27,0.59,0.4
1789488000000,XRP,short,0.07,0.18,0.75,0.62
1789502400000,BTC,short,0.13,0.32,0.55,0.32
1789502400000,ETH,short,0.08,0.22,0.7,0.55
1789502400000,SOL,short,0.1,0.24,0.66,0.5
1789502400000,XRP,short,0.08,0.2,0.72,0.59
1789516800000,BTC,long,0.34,0.34,0.32,0.01
1789516800000,ETH,short,0.28,0.28,0.44,0.16
1789516800000,SOL,short,0.33,0.25,0.42,0.14
1789516800000,XRP,short,0.37,0.26,0.37,0.05
1789531200000,BTC,short,0.15,0.34,0.51,0.26
1789531200000,ETH,short,0.07,0.2,0.73,0.59
1789531200000,SOL,short,0.07,0.27,0.66,0.49
1789531200000,XRP,short,0.09,0.18,0.73,0.59
1789545600000,BTC,long,0.52,0.3,0.18,0.27
1789545600000,ETH,long,0.6799999999999999,0.19,0.13,0.53
1789545600000,SOL,long,0.6,0.24,0.16,0.4
1789545600000,XRP,short,0.2,0.29,0.51,0.26
1789560000000,BTC,short,0.15,0.34,0.51,0.27
1789560000000,ETH,short,0.13,0.22,0.65,0.48
1789560000000,SOL,short,0.16,0.29,0.55,0.33
1789560000000,XRP,short,0.05,0.14,0.81,0.71
1789574400000,BTC,flat,0.36,0.37,0.27,0.06
1789574400000,ETH,long,0.58,0.24,0.18,0.36
1789574400000,SOL,long,0.56,0.27,0.17,0.35
1789574400000,XRP,long,0.64,0.19,0.17,0.47
1789588800000,BTC,long,0.38,0.37,0.25,0.06
1789588800000,ETH,long,0.68,0.17,0.15,0.52
1789588800000,SOL,long,0.78,0.14,0.08,0.66
1789588800000,XRP,short,0.19,0.25,0.56,0.34
1789603200000,BTC,long,0.46,0.34,0.2,0.18
1789603200000,ETH,long,0.79,0.15,0.06,0.7
1789603200000,SOL,long,0.8099999999999999,0.13,0.06,0.73
1789603200000,XRP,long,0.38,0.31,0.31,0.06
1789617600000,BTC,long,0.36,0.32,0.32,0.04
1789617600000,ETH,long,0.79,0.14,0.07,0.68
1789617600000,SOL,long,0.75,0.18,0.07,0.62
1789617600000,XRP,short,0.2,0.27,0.53,0.29
1789632000000,BTC,long,0.42,0.41,0.17,0.13
1789632000000,ETH,short,0.22,0.24,0.54,0.3
1789632000000,SOL,long,0.67,0.26,0.07,0.5
1789632000000,XRP,short,0.13,0.25,0.62,0.43
1789646400000,BTC,flat,0.3,0.39,0.31,0.09
1789646400000,ETH,long,0.77,0.13,0.1,0.66
1789646400000,SOL,long,0.81,0.13,0.06,0.71
1789646400000,XRP,long,0.42,0.31,0.27,0.13
1789660800000,BTC,short,0.2,0.38,0.42,0.13
1789660800000,ETH,short,0.21,0.25,0.54,0.31
1789660800000,SOL,long,0.47,0.31,0.22,0.21
1789660800000,XRP,short,0.06,0.18,0.76,0.65
1789675200000,BTC,short,0.15,0.35,0.5,0.25
1789675200000,ETH,short,0.24,0.26,0.5,0.25
1789675200000,SOL,long,0.69,0.2,0.11,0.53
1789675200000,XRP,short,0.17,0.33,0.5,0.24
1789689600000,BTC,flat,0.35,0.45,0.2,0.17
1789689600000,ETH,long,0.76,0.16,0.08,0.63
1789689600000,SOL,long,0.87,0.07,0.06,0.82
1789689600000,XRP,long,0.51,0.3,0.19,0.26
1789704000000,BTC,long,0.38,0.38,0.24,0.07
1789704000000,ETH,long,0.74,0.18,0.08,0.62
1789704000000,SOL,long,0.82,0.1,0.08,0.74
1789704000000,XRP,flat,0.33,0.42,0.25,0.12
1789718400000,BTC,long,0.44,0.32,0.24,0.16
1789718400000,ETH,long,0.81,0.12,0.07,0.72
1789718400000,SOL,long,0.54,0.25,0.21,0.31
1789718400000,XRP,short,0.11,0.39,0.5,0.25
1789732800000,BTC,long,0.41,0.29,0.3,0.11
1789732800000,ETH,long,0.65,0.19,0.16,0.48
1789732800000,SOL,long,0.63,0.16,0.21,0.43
1789732800000,XRP,long,0.56,0.27,0.17,0.33
1789747200000,BTC,short,0.34,0.31,0.35,0.02
1789747200000,ETH,long,0.6,0.2,0.2,0.39
1789747200000,SOL,long,0.65,0.15,0.2,0.47
1789747200000,XRP,long,0.51,0.33,0.16,0.26
1789761600000,BTC,flat,0.23,0.39,0.38,0.08
1789761600000,ETH,short,0.19,0.28,0.53,0.29
1789761600000,SOL,short,0.27,0.29,0.44,0.16
1789761600000,XRP,short,0.24,0.36,0.39999999999999997,0.11
